name,stars,age_in_years,releases,primary_language,url
Snailclimb/JavaGuide,148874,6.89,0,Java,https://github.com/Snailclimb/JavaGuide
krahets/hello-algo,110995,2.39,9,Java,https://github.com/krahets/hello-algo
iluwatar/java-design-patterns,91083,10.63,0,Java,https://github.com/iluwatar/java-design-patterns
macrozheng/mall,79643,6.98,3,Java,https://github.com/macrozheng/mall
doocs/advanced-java,77299,6.47,1,Java,https://github.com/doocs/advanced-java
spring-projects/spring-boot,76569,12.44,303,Java,https://github.com/spring-projects/spring-boot
MisterBooo/LeetCodeAnimation,75777,6.31,0,Java,https://github.com/MisterBooo/LeetCodeAnimation
elastic/elasticsearch,72111,15.14,177,Java,https://github.com/elastic/elasticsearch
kdn251/interviews,64034,8.11,0,Java,https://github.com/kdn251/interviews
TheAlgorithms/Java,61160,8.70,0,Java,https://github.com/TheAlgorithms/Java
spring-projects/spring-framework,57632,14.31,328,Java,https://github.com/spring-projects/spring-framework
NationalSecurityAgency/ghidra,55683,6.07,42,Java,https://github.com/NationalSecurityAgency/ghidra
Stirling-Tools/Stirling-PDF,54873,2.16,120,Java,https://github.com/Stirling-Tools/Stirling-PDF
google/guava,50611,10.83,54,Java,https://github.com/google/guava
ReactiveX/RxJava,48054,12.22,235,Java,https://github.com/ReactiveX/RxJava
skylot/jadx,43294,12.03,30,Java,https://github.com/skylot/jadx
dbeaver/dbeaver,42392,9.43,220,Java,https://github.com/dbeaver/dbeaver
jeecgboot/JeecgBoot,42002,6.33,54,Java,https://github.com/jeecgboot/JeecgBoot
apache/dubbo,40849,12.77,109,Java,https://github.com/apache/dubbo
termux/termux-app,40015,9.43,91,Java,https://github.com/termux/termux-app
PhilJay/MPAndroidChart,37877,10.92,44,Java,https://github.com/PhilJay/MPAndroidChart
eugenp/tutorials,37102,11.91,0,Java,https://github.com/eugenp/tutorials
alibaba/arthas,36091,6.58,59,Java,https://github.com/alibaba/arthas
geekxh/hello-algorithm,35535,4.83,0,Java,https://github.com/geekxh/hello-algorithm
airbnb/lottie-android,35255,8.47,57,Java,https://github.com/airbnb/lottie-android
halo-dev/halo,35062,7.02,211,Java,https://github.com/halo-dev/halo
bumptech/glide,34825,11.72,47,Java,https://github.com/bumptech/glide
netty/netty,33914,14.39,0,Java,https://github.com/netty/netty
xkcoding/spring-boot-demo,33521,7.38,0,Java,https://github.com/xkcoding/spring-boot-demo
Blankj/AndroidUtilCode,33508,8.66,117,Java,https://github.com/Blankj/AndroidUtilCode
doocs/leetcode,33395,6.53,21,Java,https://github.com/doocs/leetcode
TeamNewPipe/NewPipe,33301,9.56,135,Java,https://github.com/TeamNewPipe/NewPipe
alibaba/easyexcel,33239,7.14,14,Java,https://github.com/alibaba/easyexcel
zxing/zxing,33182,13.46,31,Java,https://github.com/zxing/zxing
SeleniumHQ/selenium,31946,12.20,103,Java,https://github.com/SeleniumHQ/selenium
alibaba/nacos,31033,6.78,79,Java,https://github.com/alibaba/nacos
binarywang/WxJava,30782,9.22,30,Java,https://github.com/binarywang/WxJava
ityouknow/spring-boot-examples,30409,8.39,0,Java,https://github.com/ityouknow/spring-boot-examples
YunaiV/ruoyi-vue-pro,29932,4.17,34,Java,https://github.com/YunaiV/ruoyi-vue-pro
apache/kafka,29743,13.62,0,Java,https://github.com/apache/kafka
chinabugotech/hutool,29656,10.96,149,Java,https://github.com/chinabugotech/hutool
apolloconfig/apollo,29392,9.06,41,Java,https://github.com/apolloconfig/apollo
alibaba/canal,28919,12.20,32,Java,https://github.com/alibaba/canal
wuyouzhuguli/SpringAll,28686,6.90,0,Java,https://github.com/wuyouzhuguli/SpringAll
xuxueli/xxl-job,28496,9.33,36,Java,https://github.com/xuxueli/xxl-job
alibaba/spring-cloud-alibaba,28323,7.32,47,Java,https://github.com/alibaba/spring-cloud-alibaba
alibaba/druid,28094,13.40,51,Java,https://github.com/alibaba/druid
lenve/vhr,27673,7.23,0,Java,https://github.com/lenve/vhr
crossoverJie/JCSprout,27112,7.28,0,Java,https://github.com/crossoverJie/JCSprout
qiurunze123/miaosha,26284,6.53,0,Java,https://github.com/qiurunze123/miaosha
keycloak/keycloak,26157,11.74,76,Java,https://github.com/keycloak/keycloak
DrKLO/Telegram,25932,11.42,95,Java,https://github.com/DrKLO/Telegram
alibaba/fastjson,25772,13.40,84,Java,https://github.com/alibaba/fastjson
apache/incubator-seata,25556,6.25,42,Java,https://github.com/apache/incubator-seata
JakeWharton/butterknife,25529,12.06,0,Java,https://github.com/JakeWharton/butterknife
hollischuang/toBeTopJavaer,25421,6.42,0,Java,https://github.com/hollischuang/toBeTopJavaer
scwang90/SmartRefreshLayout,25059,7.82,14,Java,https://github.com/scwang90/SmartRefreshLayout
proxyee-down-org/proxyee-down,24904,7.42,49,Java,https://github.com/proxyee-down-org/proxyee-down
greenrobot/EventBus,24742,12.70,7,Java,https://github.com/greenrobot/EventBus
apache/flink,24662,10.81,0,Java,https://github.com/apache/flink
Netflix/Hystrix,24279,12.35,79,Java,https://github.com/Netflix/Hystrix
apache/skywalking,24170,9.39,62,Java,https://github.com/apache/skywalking
libgdx/libgdx,23850,12.63,13,Java,https://github.com/libgdx/libgdx
bazelbuild/bazel,23814,10.79,191,Java,https://github.com/bazelbuild/bazel
jenkinsci/jenkins,23778,14.35,406,Java,https://github.com/jenkinsci/jenkins
redisson/redisson,23691,11.21,167,Java,https://github.com/redisson/redisson
google/gson,23634,10.03,9,Java,https://github.com/google/gson
Anuken/Mindustry,23506,7.91,160,Java,https://github.com/Anuken/Mindustry
OpenAPITools/openapi-generator,23205,6.88,70,Java,https://github.com/OpenAPITools/openapi-generator
alibaba/Sentinel,22635,6.98,25,Java,https://github.com/alibaba/Sentinel
doocs/source-code-hunter,22575,5.41,0,Java,https://github.com/doocs/source-code-hunter
EnterpriseQualityCoding/FizzBuzzEnterpriseEdition,22276,12.34,0,Java,https://github.com/EnterpriseQualityCoding/FizzBuzzEnterpriseEdition
yuliskov/SmartTube,21949,4.66,720,Java,https://github.com/yuliskov/SmartTube
google/ExoPlayer,21807,10.79,28,Java,https://github.com/google/ExoPlayer
ashishps1/awesome-system-design-resources,21790,1.42,0,Java,https://github.com/ashishps1/awesome-system-design-resources
apache/rocketmq,21647,8.32,21,Java,https://github.com/apache/rocketmq
CodePhiliaX/Chat2DB,21645,1.77,43,Java,https://github.com/CodePhiliaX/Chat2DB
iBotPeaches/Apktool,21595,13.03,25,Java,https://github.com/iBotPeaches/Apktool
elunez/eladmin,21563,6.28,1,Java,https://github.com/elunez/eladmin
oracle/graal,20733,9.20,32,Java,https://github.com/oracle/graal
openjdk/jdk,20674,6.52,0,Java,https://github.com/openjdk/jdk
CarGuo/GSYVideoPlayer,20620,8.37,48,Java,https://github.com/CarGuo/GSYVideoPlayer
conductor-oss/conductor,20398,1.30,19,Java,https://github.com/conductor-oss/conductor
brettwooldridge/HikariCP,20331,11.47,0,Java,https://github.com/brettwooldridge/HikariCP
didi/DoKit,20290,6.62,10,Java,https://github.com/didi/DoKit
apache/shardingsphere,20132,9.19,58,Java,https://github.com/apache/shardingsphere
mybatis/mybatis-3,20014,12.12,46,Java,https://github.com/mybatis/mybatis-3
ReactiveX/RxAndroid,19865,10.61,20,Java,https://github.com/ReactiveX/RxAndroid
dataease/dataease,19701,4.14,91,Java,https://github.com/dataease/dataease
linlinjava/litemall,19559,7.01,8,Java,https://github.com/linlinjava/litemall
LSPosed/LSPosed,19549,4.29,39,Java,https://github.com/LSPosed/LSPosed
yudaocode/SpringBoot-Labs,19481,6.54,0,Java,https://github.com/yudaocode/SpringBoot-Labs
Baseflow/PhotoView,18835,12.70,5,Java,https://github.com/Baseflow/PhotoView
dianping/cat,18819,12.31,3,Java,https://github.com/dianping/cat
kunal-kushwaha/DSA-Bootcamp-Java,18638,3.66,0,Java,https://github.com/kunal-kushwaha/DSA-Bootcamp-Java
thingsboard/thingsboard,18501,8.32,65,Java,https://github.com/thingsboard/thingsboard
forezp/SpringCloudLearning,17922,7.97,0,Java,https://github.com/forezp/SpringCloudLearning
williamfiset/Algorithms,17775,8.03,0,Java,https://github.com/williamfiset/Algorithms
JetBrains/intellij-community,17768,13.49,0,Java,https://github.com/JetBrains/intellij-community
antlr/antlr4,17731,15.15,31,Java,https://github.com/antlr/antlr4
LMAX-Exchange/disruptor,17690,12.52,14,Java,https://github.com/LMAX-Exchange/disruptor
Tencent/APIJSON,17611,8.35,107,Java,https://github.com/Tencent/APIJSON
Tencent/tinker,17260,8.56,59,Java,https://github.com/Tencent/tinker
dromara/Sa-Token,17246,5.14,35,Java,https://github.com/dromara/Sa-Token
openzipkin/zipkin,17150,12.81,96,Java,https://github.com/openzipkin/zipkin
facebook/fresco,17100,10.07,55,Java,https://github.com/facebook/fresco
YunaiV/yudao-cloud,16945,5.90,20,Java,https://github.com/YunaiV/yudao-cloud
infinilabs/analysis-ik,16882,13.28,1,Java,https://github.com/infinilabs/analysis-ik
justauth/JustAuth,16832,6.15,46,Java,https://github.com/justauth/JustAuth
nostra13/Android-Universal-Image-Loader,16776,13.33,0,Java,https://github.com/nostra13/Android-Universal-Image-Loader
winterbe/java8-tutorial,16771,11.03,0,Java,https://github.com/winterbe/java8-tutorial
baomidou/mybatis-plus,16738,8.61,35,Java,https://github.com/baomidou/mybatis-plus
shuzheng/zheng,16713,8.48,0,Java,https://github.com/shuzheng/zheng
material-components/material-components-android,16628,8.31,103,Java,https://github.com/material-components/material-components-android
kestra-io/kestra,16579,5.59,206,Java,https://github.com/kestra-io/kestra
Grasscutters/Grasscutter,16473,2.94,20,Java,https://github.com/Grasscutters/Grasscutter
JeffLi1993/springboot-learning-example,16452,8.14,0,Java,https://github.com/JeffLi1993/springboot-learning-example
ben-manes/caffeine,16430,10.29,69,Java,https://github.com/ben-manes/caffeine
alibaba/DataX,16317,7.19,7,Java,https://github.com/alibaba/DataX
xiaojieonly/Ehviewer_CN_SXJ,16298,4.38,99,Java,https://github.com/xiaojieonly/Ehviewer_CN_SXJ
heibaiying/BigData-Notes,16284,6.05,0,Java,https://github.com/heibaiying/BigData-Notes
prestodb/presto,16282,12.64,0,Java,https://github.com/prestodb/presto
dyc87112/SpringBoot-Learning,15770,8.60,0,Java,https://github.com/dyc87112/SpringBoot-Learning
android-hacker/VirtualXposed,15633,7.32,50,Java,https://github.com/android-hacker/VirtualXposed
gyoogle/tech-interview-for-developer,15566,5.80,0,Java,https://github.com/gyoogle/tech-interview-for-developer
android10/Android-CleanArchitecture,15535,10.61,0,Java,https://github.com/android10/Android-CleanArchitecture
mockito/mockito,15096,12.46,219,Java,https://github.com/mockito/mockito
questdb/questdb,15012,10.92,85,Java,https://github.com/questdb/questdb
apache/hadoop,15002,10.58,0,Java,https://github.com/apache/hadoop
Konloch/bytecode-viewer,14918,10.45,60,Java,https://github.com/Konloch/bytecode-viewer
zhisheng17/flink-learning,14702,6.23,0,Java,https://github.com/zhisheng17/flink-learning
hdodenhof/CircleImageView,14547,11.19,0,Java,https://github.com/hdodenhof/CircleImageView
apache/pulsar,14509,8.75,102,Java,https://github.com/apache/pulsar
Tencent/QMUI_Android,14476,7.93,35,Java,https://github.com/Tencent/QMUI_Android
alibaba/ARouter,14473,8.28,16,Java,https://github.com/alibaba/ARouter
eclipse-vertx/vert.x,14442,13.78,0,Java,https://github.com/eclipse-vertx/vert.x
elastic/logstash,14396,14.36,177,Java,https://github.com/elastic/logstash
java-decompiler/jd-gui,14392,10.01,18,Java,https://github.com/java-decompiler/jd-gui
arduino/Arduino,14289,14.53,37,Java,https://github.com/arduino/Arduino
quarkusio/quarkus,14248,6.73,370,Java,https://github.com/quarkusio/quarkus
neo4j/neo4j,14005,12.37,72,Java,https://github.com/neo4j/neo4j
supertokens/supertokens-core,13984,5.22,83,Java,https://github.com/supertokens/supertokens-core
deeplearning4j/deeplearning4j,13891,11.33,0,Java,https://github.com/deeplearning4j/deeplearning4j
orhanobut/logger,13849,10.02,16,Java,https://github.com/orhanobut/logger
GoogleContainerTools/jib,13846,7.18,167,Java,https://github.com/GoogleContainerTools/jib
theonedev/onedev,13794,6.39,391,Java,https://github.com/theonedev/onedev
Netflix/zuul,13663,12.04,15,Java,https://github.com/Netflix/zuul
apache/druid,13649,12.43,66,Java,https://github.com/apache/druid
Curzibn/Luban,13630,8.68,6,Java,https://github.com/Curzibn/Luban
seaswalker/spring-analysis,13610,8.55,0,Java,https://github.com/seaswalker/spring-analysis
JessYanCoding/AndroidAutoSize,13595,6.61,14,Java,https://github.com/JessYanCoding/AndroidAutoSize
pinpoint-apm/pinpoint,13554,10.44,60,Java,https://github.com/pinpoint-apm/pinpoint
tink-crypto/tink,13526,10.81,21,Java,https://github.com/tink-crypto/tink
lgvalle/Material-Animations,13515,10.06,0,Java,https://github.com/lgvalle/Material-Animations
Bigkoo/Android-PickerView,13472,10.25,0,Java,https://github.com/Bigkoo/Android-PickerView
sqshq/piggymetrics,13432,10.00,2,Java,https://github.com/sqshq/piggymetrics
LuckSiege/PictureSelector,13412,8.23,116,Java,https://github.com/LuckSiege/PictureSelector
apache/doris,13378,7.63,64,Java,https://github.com/apache/doris
zaproxy/zaproxy,13377,9.82,11,Java,https://github.com/zaproxy/zaproxy
apache/dolphinscheduler,13349,6.07,52,Java,https://github.com/apache/dolphinscheduler
DuGuQiuBai/Java,13231,9.34,0,Java,https://github.com/DuGuQiuBai/Java
janishar/mit-deep-learning-book-pdf,13218,7.97,3,Java,https://github.com/janishar/mit-deep-learning-book-pdf
macrozheng/mall-learning,13100,5.96,0,Java,https://github.com/macrozheng/mall-learning
projectlombok/lombok,13080,15.81,0,Java,https://github.com/projectlombok/lombok
youth5201314/banner,12977,8.93,0,Java,https://github.com/youth5201314/banner
languagetool-org/languagetool,12922,11.64,0,Java,https://github.com/languagetool-org/languagetool
Netflix/conductor,12792,8.30,319,Java,https://github.com/Netflix/conductor
facebook/stetho,12693,10.18,13,Java,https://github.com/facebook/stetho
greenrobot/greenDAO,12623,13.43,8,Java,https://github.com/greenrobot/greenDAO
pxb1988/dex2jar,12608,10.03,8,Java,https://github.com/pxb1988/dex2jar
cryptomator/cryptomator,12589,11.15,184,Java,https://github.com/cryptomator/cryptomator
google/guice,12582,10.83,19,Java,https://github.com/google/guice
zhihu/Matisse,12551,7.96,15,Java,https://github.com/zhihu/Matisse
codecentric/spring-boot-admin,12513,10.68,131,Java,https://github.com/codecentric/spring-boot-admin
Netflix/eureka,12513,12.67,150,Java,https://github.com/Netflix/eureka
daimajia/AndroidViewAnimations,12452,10.76,9,Java,https://github.com/daimajia/AndroidViewAnimations
apache/zookeeper,12423,16.01,0,Java,https://github.com/apache/zookeeper
daimajia/AndroidSwipeLayout,12401,10.59,18,Java,https://github.com/daimajia/AndroidSwipeLayout
alibaba/COLA,12305,7.14,11,Java,https://github.com/alibaba/COLA
pagehelper/Mybatis-PageHelper,12283,10.80,14,Java,https://github.com/pagehelper/Mybatis-PageHelper
macrozheng/mall-swarm,12216,5.34,3,Java,https://github.com/macrozheng/mall-swarm
kekingcn/kkFileView,12163,7.29,16,Java,https://github.com/kekingcn/kkFileView
redis/jedis,12001,14.80,110,Java,https://github.com/redis/jedis
Yalantis/uCrop,11964,9.23,18,Java,https://github.com/Yalantis/uCrop
metersphere/metersphere,11910,5.15,176,Java,https://github.com/metersphere/metersphere
Tencent/VasSonic,11852,7.65,10,Java,https://github.com/Tencent/VasSonic
Tencent/matrix,11771,6.29,16,Java,https://github.com/Tencent/matrix
amitshekhariitbhu/android-interview-questions,11734,7.72,0,Java,https://github.com/amitshekhariitbhu/android-interview-questions
grpc/grpc-java,11654,10.30,176,Java,https://github.com/grpc/grpc-java
frank-lam/fullstack-tutorial,11632,6.96,0,Java,https://github.com/frank-lam/fullstack-tutorial
code4craft/webmagic,11525,11.93,33,Java,https://github.com/code4craft/webmagic
realm/realm-java,11483,12.94,0,Java,https://github.com/realm/realm-java
careercup/CtCI-6th-Edition,11403,9.74,0,Java,https://github.com/careercup/CtCI-6th-Edition
gyf-dev/ImmersionBar,11377,7.94,0,Java,https://github.com/gyf-dev/ImmersionBar
Team-xManager/xManager,11319,4.13,50,Java,https://github.com/Team-xManager/xManager
newbee-ltd/newbee-mall,11272,5.51,0,Java,https://github.com/newbee-ltd/newbee-mall
permissions-dispatcher/PermissionsDispatcher,11228,9.62,40,Java,https://github.com/permissions-dispatcher/PermissionsDispatcher
debezium/debezium,11218,9.18,0,Java,https://github.com/debezium/debezium
OpenRefine/OpenRefine,11218,12.45,68,Java,https://github.com/OpenRefine/OpenRefine
plantuml/plantuml,11179,14.40,53,Java,https://github.com/plantuml/plantuml
mission-peace/interview,11140,10.69,0,Java,https://github.com/mission-peace/interview
H07000223/FlycoTabLayout,11091,9.38,4,Java,https://github.com/H07000223/FlycoTabLayout
jhy/jsoup,11088,15.28,17,Java,https://github.com/jhy/jsoup
lingochamp/FileDownloader,11079,9.26,65,Java,https://github.com/lingochamp/FileDownloader
jfeinstein10/SlidingMenu,11061,12.74,0,Java,https://github.com/jfeinstein10/SlidingMenu
apereo/cas,11044,13.55,290,Java,https://github.com/apereo/cas
androidannotations/androidannotations,11043,13.23,0,Java,https://github.com/androidannotations/androidannotations
daniulive/SmarterStreaming,11030,9.00,0,Java,https://github.com/daniulive/SmarterStreaming
trinodb/trino,11028,6.19,0,Java,https://github.com/trinodb/trino
square/javapoet,10856,12.15,0,Java,https://github.com/square/javapoet
alibaba/vlayout,10790,8.08,34,Java,https://github.com/alibaba/vlayout
aosp-mirror/platform_frameworks_base,10708,16.44,0,Java,https://github.com/aosp-mirror/platform_frameworks_base
doocs/jvm,10678,6.76,0,Java,https://github.com/doocs/jvm
PaperMC/Paper,10676,9.18,0,Java,https://github.com/PaperMC/Paper
android-async-http/android-async-http,10633,14.10,3,Java,https://github.com/android-async-http/android-async-http
TooTallNate/Java-WebSocket,10626,15.19,19,Java,https://github.com/TooTallNate/Java-WebSocket
jeasonlzy/okhttp-OkGo,10610,9.20,14,Java,https://github.com/jeasonlzy/okhttp-OkGo
clojure/clojure,10575,14.75,0,Java,https://github.com/clojure/clojure
jwtk/jjwt,10551,10.54,7,Java,https://github.com/jwtk/jjwt
apple/pkl,10544,1.18,13,Java,https://github.com/apple/pkl
provectus/kafka-ui,10496,5.33,25,Java,https://github.com/provectus/kafka-ui
google/auto,10488,11.85,66,Java,https://github.com/google/auto
lipangit/JiaoZiVideoPlayer,10487,9.14,78,Java,https://github.com/lipangit/JiaoZiVideoPlayer
tbruyelle/RxPermissions,10484,9.49,11,Java,https://github.com/tbruyelle/RxPermissions
asLody/VirtualApp,10461,8.72,0,Java,https://github.com/asLody/VirtualApp
datahub-project/datahub,10454,9.36,96,Java,https://github.com/datahub-project/datahub
opensearch-project/OpenSearch,10396,4.15,53,Java,https://github.com/opensearch-project/OpenSearch
JessYanCoding/MVPArms,10283,8.64,25,Java,https://github.com/JessYanCoding/MVPArms
Activiti/Activiti,10274,12.54,1000,Java,https://github.com/Activiti/Activiti
JakeWharton/ViewPagerIndicator,10120,13.65,0,Java,https://github.com/JakeWharton/ViewPagerIndicator
resilience4j/resilience4j,10056,9.82,35,Java,https://github.com/resilience4j/resilience4j
xpipe-io/xpipe,10056,2.16,98,Java,https://github.com/xpipe-io/xpipe
LawnchairLauncher/lawnchair,10009,8.07,29,Java,https://github.com/LawnchairLauncher/lawnchair
beemdevelopment/Aegis,9986,8.61,69,Java,https://github.com/beemdevelopment/Aegis
zfile-dev/zfile,9940,5.60,61,Java,https://github.com/zfile-dev/zfile
wasabeef/glide-transformations,9921,10.22,0,Java,https://github.com/wasabeef/glide-transformations
awsdocs/aws-doc-sdk-examples,9891,8.61,0,Java,https://github.com/awsdocs/aws-doc-sdk-examples
googlesamples/easypermissions,9890,9.26,12,Java,https://github.com/googlesamples/easypermissions
ssssssss-team/spider-flow,9875,5.00,2,Java,https://github.com/ssssssss-team/spider-flow
paascloud/paascloud-master,9875,7.03,0,Java,https://github.com/paascloud/paascloud-master
stanfordnlp/CoreNLP,9829,11.75,17,Java,https://github.com/stanfordnlp/CoreNLP
uknownothingsnow/JsBridge,9825,10.08,0,Java,https://github.com/uknownothingsnow/JsBridge
hackware1993/MagicIndicator,9767,8.75,12,Java,https://github.com/hackware1993/MagicIndicator
HarlonWang/AVLoadingIndicatorView,9754,9.43,1,Java,https://github.com/HarlonWang/AVLoadingIndicatorView
StarRocks/starrocks,9729,3.56,134,Java,https://github.com/StarRocks/starrocks
YoKeyword/Fragmentation,9726,9.09,30,Java,https://github.com/YoKeyword/Fragmentation
ksoichiro/Android-ObservableScrollView,9654,10.38,0,Java,https://github.com/ksoichiro/Android-ObservableScrollView
perwendel/spark,9653,13.90,0,Java,https://github.com/perwendel/spark
react-native-camera/react-native-camera,9649,9.99,144,Java,https://github.com/react-native-camera/react-native-camera
lihengming/spring-boot-api-project-seed,9629,7.76,4,Java,https://github.com/lihengming/spring-boot-api-project-seed
OpenFeign/feign,9621,11.75,38,Java,https://github.com/OpenFeign/feign
microg/GmsCore,9605,10.93,38,Java,https://github.com/microg/GmsCore
liaohuqiu/android-Ultra-Pull-To-Refresh,9580,10.37,8,Java,https://github.com/liaohuqiu/android-Ultra-Pull-To-Refresh
koral--/android-gif-drawable,9579,12.16,61,Java,https://github.com/koral--/android-gif-drawable
bilibili/DanmakuFlameMaster,9569,11.63,5,Java,https://github.com/bilibili/DanmakuFlameMaster
MyCATApache/Mycat-Server,9547,10.31,7,Java,https://github.com/MyCATApache/Mycat-Server
umano/AndroidSlidingUpPanel,9509,11.83,8,Java,https://github.com/umano/AndroidSlidingUpPanel
signalapp/Signal-Server,9455,11.30,0,Java,https://github.com/signalapp/Signal-Server
SonarSource/sonarqube,9432,14.23,59,Java,https://github.com/SonarSource/sonarqube
crossoverJie/cim,9389,6.85,8,Java,https://github.com/crossoverJie/cim
pockethub/PocketHub,9388,13.55,1,Java,https://github.com/pockethub/PocketHub
Justson/AgentWeb,9305,7.88,21,Java,https://github.com/Justson/AgentWeb
xuchengsheng/spring-reading,9304,1.53,0,Java,https://github.com/xuchengsheng/spring-reading
android/testing-samples,9244,10.46,0,Java,https://github.com/android/testing-samples
GcsSloop/AndroidNote,9234,9.23,0,Java,https://github.com/GcsSloop/AndroidNote
huanghaibin-dev/CalendarView,9224,8.05,1,Java,https://github.com/huanghaibin-dev/CalendarView
apache/cassandra,9108,15.86,0,Java,https://github.com/apache/cassandra
json-path/JsonPath,9073,14.18,10,Java,https://github.com/json-path/JsonPath
cats-oss/android-gpuimage,9072,12.48,0,Java,https://github.com/cats-oss/android-gpuimage
ashishps1/awesome-leetcode-resources,9048,1.42,0,Java,https://github.com/ashishps1/awesome-leetcode-resources
spring-projects/spring-security,9037,13.21,213,Java,https://github.com/spring-projects/spring-security
didi/VirtualAPK,9016,7.74,4,Java,https://github.com/didi/VirtualAPK
navasmdc/MaterialDesignLibrary,8982,10.49,3,Java,https://github.com/navasmdc/MaterialDesignLibrary
seven332/EhViewer,8968,10.87,97,Java,https://github.com/seven332/EhViewer
KunMinX/Jetpack-MVVM-Best-Practice,8913,5.40,0,Java,https://github.com/KunMinX/Jetpack-MVVM-Best-Practice
nathanmarz/storm,8820,13.53,0,Java,https://github.com/nathanmarz/storm
laobie/StatusBarUtil,8806,9.11,0,Java,https://github.com/laobie/StatusBarUtil
Freelander/Android_Data,8772,9.98,0,Java,https://github.com/Freelander/Android_Data
Blankj/awesome-java-leetcode,8709,7.94,0,Java,https://github.com/Blankj/awesome-java-leetcode
chrisbanes/Android-PullToRefresh,8701,13.33,0,Java,https://github.com/chrisbanes/Android-PullToRefresh
apache/jmeter,8657,14.84,10,Java,https://github.com/apache/jmeter
java-native-access/jna,8656,13.92,0,Java,https://github.com/java-native-access/jna
ybq/Android-SpinKit,8650,9.02,0,Java,https://github.com/ybq/Android-SpinKit
flyway/flyway,8631,12.29,245,Java,https://github.com/flyway/flyway
shwenzhang/AndResGuard,8585,9.46,4,Java,https://github.com/shwenzhang/AndResGuard
chrisjenx/Calligraphy,8584,11.27,4,Java,https://github.com/chrisjenx/Calligraphy
facebook/buck,8558,11.95,57,Java,https://github.com/facebook/buck
apache/shenyu,8557,6.71,11,Java,https://github.com/apache/shenyu
airbnb/epoxy,8538,8.63,76,Java,https://github.com/airbnb/epoxy
junit-team/junit4,8532,16.21,13,Java,https://github.com/junit-team/junit4
react-native-image-picker/react-native-image-picker,8531,9.80,141,Java,https://github.com/react-native-image-picker/react-native-image-picker
checkstyle/checkstyle,8527,11.58,159,Java,https://github.com/checkstyle/checkstyle
dropwizard/dropwizard,8526,14.19,176,Java,https://github.com/dropwizard/dropwizard
karatelabs/karate,8500,8.13,54,Java,https://github.com/karatelabs/karate
amitshekhariitbhu/Android-Debug-Database,8467,8.36,14,Java,https://github.com/amitshekhariitbhu/Android-Debug-Database
roughike/BottomBar,8406,9.03,4,Java,https://github.com/roughike/BottomBar
apache/seatunnel,8370,7.64,49,Java,https://github.com/apache/seatunnel
hs-web/hsweb-framework,8369,9.19,28,Java,https://github.com/hs-web/hsweb-framework
google/tsunami-security-scanner,8365,4.81,25,Java,https://github.com/google/tsunami-security-scanner
flowable/flowable-engine,8314,8.45,27,Java,https://github.com/flowable/flowable-engine
DImuthuUpe/AndroidPdfViewer,8269,8.82,0,Java,https://github.com/DImuthuUpe/AndroidPdfViewer
apache/shardingsphere-elasticjob,8176,9.54,30,Java,https://github.com/apache/shardingsphere-elasticjob
testcontainers/testcontainers-java,8165,9.96,81,Java,https://github.com/testcontainers/testcontainers-java
alibaba/atlas,8141,8.08,7,Java,https://github.com/alibaba/atlas
florent37/MaterialViewPager,8120,9.93,11,Java,https://github.com/florent37/MaterialViewPager
wildfirechat/im-server,8113,6.17,103,Java,https://github.com/wildfirechat/im-server
guolindev/LitePal,8107,12.10,0,Java,https://github.com/guolindev/LitePal
alibaba/otter,8093,11.63,10,Java,https://github.com/alibaba/otter
frohoff/ysoserial,8050,10.16,1,Java,https://github.com/frohoff/ysoserial
apache/beam,8050,9.15,48,Java,https://github.com/apache/beam
Netflix/SimianArmy,7983,12.73,4,Java,https://github.com/Netflix/SimianArmy
davemorrissey/subsampling-scale-image-view,7940,11.59,21,Java,https://github.com/davemorrissey/subsampling-scale-image-view
pentaho/pentaho-kettle,7927,11.47,1,Java,https://github.com/pentaho/pentaho-kettle
JakeWharton/hugo,7923,11.34,0,Java,https://github.com/JakeWharton/hugo
alibaba/transmittable-thread-local,7887,11.46,58,Java,https://github.com/alibaba/transmittable-thread-local
aritraroy/UltimateAndroidReference,7870,7.96,0,Java,https://github.com/aritraroy/UltimateAndroidReference
junixapp/XPopup,7863,6.30,221,Java,https://github.com/junixapp/XPopup
HannahMitt/HomeMirror,7852,9.60,0,Java,https://github.com/HannahMitt/HomeMirror
dropwizard/metrics,7842,15.09,125,Java,https://github.com/dropwizard/metrics
LSPosed/LSPatch,7816,4.07,9,Java,https://github.com/LSPosed/LSPatch
ChrisRM/material-theme-jetbrains,7804,9.51,17,Java,https://github.com/ChrisRM/material-theme-jetbrains
apache/tomcat,7763,13.49,0,Java,https://github.com/apache/tomcat
bytedeco/javacv,7724,10.94,12,Java,https://github.com/bytedeco/javacv
trello-archive/RxLifecycle,7705,9.69,22,Java,https://github.com/trello-archive/RxLifecycle
software-mansion/react-native-svg,7675,9.19,121,Java,https://github.com/software-mansion/react-native-svg
vipshop/vjtools,7650,6.83,9,Java,https://github.com/vipshop/vjtools
goldze/MVVMHabit,7646,7.68,3,Java,https://github.com/goldze/MVVMHabit
aeron-io/aeron,7641,11.14,116,Java,https://github.com/aeron-io/aeron
cabaletta/baritone,7613,6.65,78,Java,https://github.com/cabaletta/baritone
Graylog2/graylog2-server,7610,14.87,0,Java,https://github.com/Graylog2/graylog2-server
gedoor/MyBookshelf,7594,6.79,165,Java,https://github.com/gedoor/MyBookshelf
google/android-classyshark,7563,9.46,17,Java,https://github.com/google/android-classyshark
Tencent/Shadow,7554,5.79,5,Java,https://github.com/Tencent/Shadow
PojavLauncherTeam/PojavLauncher,7550,5.04,126,Java,https://github.com/PojavLauncherTeam/PojavLauncher
kaushikgopal/RxJava-Android-Samples,7538,10.68,0,Java,https://github.com/kaushikgopal/RxJava-Android-Samples
koush/AndroidAsync,7538,12.59,0,Java,https://github.com/koush/AndroidAsync
google/closure-compiler,7489,10.95,0,Java,https://github.com/google/closure-compiler
kevin-wayne/algs4,7471,9.57,0,Java,https://github.com/kevin-wayne/algs4
twowaits/SDE-Interview-Questions,7453,7.42,1,Java,https://github.com/twowaits/SDE-Interview-Questions
lecho/hellocharts-android,7443,10.46,14,Java,https://github.com/lecho/hellocharts-android
yuanguangxin/LeetCode,7420,5.21,0,Java,https://github.com/yuanguangxin/LeetCode
swagger-api/swagger-core,7417,13.73,112,Java,https://github.com/swagger-api/swagger-core
PowerJob/PowerJob,7393,5.03,50,Java,https://github.com/PowerJob/PowerJob
HMCL-dev/HMCL,7385,9.77,235,Java,https://github.com/HMCL-dev/HMCL
dyc87112/SpringCloud-Learning,7378,8.60,0,Java,https://github.com/dyc87112/SpringCloud-Learning
lenve/VBlog,7368,7.25,0,Java,https://github.com/lenve/VBlog
abel533/Mapper,7363,10.35,8,Java,https://github.com/abel533/Mapper
leolin310148/ShortcutBadger,7352,11.37,0,Java,https://github.com/leolin310148/ShortcutBadger
Qihoo360/RePlugin,7307,7.80,19,Java,https://github.com/Qihoo360/RePlugin
square/dagger,7304,12.65,0,Java,https://github.com/square/dagger
mapstruct/mapstruct,7282,12.83,35,Java,https://github.com/mapstruct/mapstruct
Bearded-Hen/Android-Bootstrap,7278,11.40,5,Java,https://github.com/Bearded-Hen/Android-Bootstrap
pedant/sweet-alert-dialog,7258,10.44,2,Java,https://github.com/pedant/sweet-alert-dialog
crazycodeboy/TakePhoto,7244,9.65,15,Java,https://github.com/crazycodeboy/TakePhoto
cymcsg/UltimateRecyclerView,7212,10.16,9,Java,https://github.com/cymcsg/UltimateRecyclerView
geeeeeeeeek/WeChatLuckyMoney,7210,9.49,20,Java,https://github.com/geeeeeeeeek/WeChatLuckyMoney
Exrick/xmall,7203,7.67,0,Java,https://github.com/Exrick/xmall
gocd/gocd,7201,11.29,84,Java,https://github.com/gocd/gocd
google/agera,7179,9.28,16,Java,https://github.com/google/agera
krahets/LeetCode-Book,7103,3.27,0,Java,https://github.com/krahets/LeetCode-Book
MinecraftForge/MinecraftForge,7099,13.16,0,Java,https://github.com/MinecraftForge/MinecraftForge
ogaclejapan/SmartTabLayout,7092,10.12,0,Java,https://github.com/ogaclejapan/SmartTabLayout
JakeWharton/ActionBarSherlock,7086,14.06,32,Java,https://github.com/JakeWharton/ActionBarSherlock
apache/iceberg,7073,6.35,27,Java,https://github.com/apache/iceberg
didi/KnowStreaming,7057,5.02,23,Java,https://github.com/didi/KnowStreaming
NanoHttpd/nanohttpd,7050,12.63,3,Java,https://github.com/NanoHttpd/nanohttpd
naman14/Timber,7034,9.79,5,Java,https://github.com/naman14/Timber
NLPchina/elasticsearch-sql,7008,10.59,261,Java,https://github.com/NLPchina/elasticsearch-sql
Alluxio/alluxio,6965,12.27,61,Java,https://github.com/Alluxio/alluxio
google/error-prone,6949,10.60,53,Java,https://github.com/google/error-prone
rest-assured/rest-assured,6940,14.44,0,Java,https://github.com/rest-assured/rest-assured
DroidPluginTeam/DroidPlugin,6919,9.59,2,Java,https://github.com/DroidPluginTeam/DroidPlugin
mrniko/netty-socketio,6914,13.21,19,Java,https://github.com/mrniko/netty-socketio
jeecgboot/jimureport,6891,5.31,25,Java,https://github.com/jeecgboot/jimureport
hongyangAndroid/okhttputils,6870,9.61,0,Java,https://github.com/hongyangAndroid/okhttputils
h2pl/JavaTutorial,6864,6.91,1,Java,https://github.com/h2pl/JavaTutorial
alibaba/jvm-sandbox,6861,7.65,13,Java,https://github.com/alibaba/jvm-sandbox
gunnarmorling/1brc,6842,1.24,0,Java,https://github.com/gunnarmorling/1brc
dependency-check/DependencyCheck,6815,12.56,82,Java,https://github.com/dependency-check/DependencyCheck
Meituan-Dianping/walle,6814,8.21,1,Java,https://github.com/Meituan-Dianping/walle
AntennaPod/AntennaPod,6806,12.66,60,Java,https://github.com/AntennaPod/AntennaPod
zo0r/react-native-push-notification,6777,9.29,35,Java,https://github.com/zo0r/react-native-push-notification
Angel-ML/angel,6752,7.92,19,Java,https://github.com/Angel-ML/angel
rabbitmq/rabbitmq-tutorials,6733,14.52,0,Java,https://github.com/rabbitmq/rabbitmq-tutorials
zouzg/mybatis-generator-gui,6698,8.89,16,Java,https://github.com/zouzg/mybatis-generator-gui
markzhai/AndroidPerformanceMonitor,6698,9.19,0,Java,https://github.com/markzhai/AndroidPerformanceMonitor
hongyangAndroid/AndroidAutoLayout,6675,9.36,0,Java,https://github.com/hongyangAndroid/AndroidAutoLayout
Genymobile/gnirehtet,6674,8.13,12,Java,https://github.com/Genymobile/gnirehtet
guardianproject/haven,6672,8.07,37,Java,https://github.com/guardianproject/haven
macrozheng/springcloud-learning,6653,5.55,0,Java,https://github.com/macrozheng/springcloud-learning
wiremock/wiremock,6653,13.47,49,Java,https://github.com/wiremock/wiremock
smuyyh/BookReader,6648,8.65,0,Java,https://github.com/smuyyh/BookReader
yanzhenjie/AndPermission,6634,8.54,0,Java,https://github.com/yanzhenjie/AndPermission
527515025/springBoot,6632,8.39,0,Java,https://github.com/527515025/springBoot
langchain4j/langchain4j,6619,1.77,43,Java,https://github.com/langchain4j/langchain4j
apache/storm,6613,11.39,3,Java,https://github.com/apache/storm
ZCShou/GoGoGo,6604,3.31,7,Java,https://github.com/ZCShou/GoGoGo
gzu-liyujiang/AndroidPicker,6601,9.43,57,Java,https://github.com/gzu-liyujiang/AndroidPicker
getActivity/AndroidProject,6597,6.43,17,Java,https://github.com/getActivity/AndroidProject
GrenderG/Toasty,6589,8.19,19,Java,https://github.com/GrenderG/Toasty
fuzhengwei/itstack-demo-design,6571,4.85,0,Java,https://github.com/fuzhengwei/itstack-demo-design
junit-team/junit5,6559,10.21,84,Java,https://github.com/junit-team/junit5
Meituan-Dianping/Leaf,6552,6.29,0,Java,https://github.com/Meituan-Dianping/Leaf
NLPchina/ansj_seg,6518,12.56,3,Java,https://github.com/NLPchina/ansj_seg
processing/processing,6504,12.17,48,Java,https://github.com/processing/processing
apache/zeppelin,6472,10.01,0,Java,https://github.com/apache/zeppelin
ximsfei/Android-skin-support,6464,8.20,0,Java,https://github.com/ximsfei/Android-skin-support
quartz-scheduler/quartz,6447,9.06,5,Java,https://github.com/quartz-scheduler/quartz
raphw/byte-buddy,6445,11.34,301,Java,https://github.com/raphw/byte-buddy
vinc3m1/RoundedImageView,6433,12.10,19,Java,https://github.com/vinc3m1/RoundedImageView
ArthurHub/Android-Image-Cropper,6423,10.20,32,Java,https://github.com/ArthurHub/Android-Image-Cropper
JesusFreke/smali,6421,12.51,0,Java,https://github.com/JesusFreke/smali
CoderLeixiaoshuai/java-eight-part,6410,4.44,0,Java,https://github.com/CoderLeixiaoshuai/java-eight-part
wxiaoqi/Spring-Cloud-Platform,6401,7.84,3,Java,https://github.com/wxiaoqi/Spring-Cloud-Platform
zendesk/android-floating-action-button,6379,10.52,0,Java,https://github.com/zendesk/android-floating-action-button
jOOQ/jOOQ,6342,13.95,90,Java,https://github.com/jOOQ/jOOQ
Col-E/Recaf,6329,7.67,169,Java,https://github.com/Col-E/Recaf
AsyncHttpClient/async-http-client,6326,14.06,5,Java,https://github.com/AsyncHttpClient/async-http-client
sshahine/JFoenix,6315,9.55,0,Java,https://github.com/sshahine/JFoenix
aa112901/remusic,6297,9.01,0,Java,https://github.com/aa112901/remusic
wasabeef/richeditor-android,6291,10.00,0,Java,https://github.com/wasabeef/richeditor-android
koush/ion,6282,11.85,0,Java,https://github.com/koush/ion
joelittlejohn/jsonschema2pojo,6277,11.76,63,Java,https://github.com/joelittlejohn/jsonschema2pojo
hazelcast/hazelcast,6274,13.02,200,Java,https://github.com/hazelcast/hazelcast
amitshekhariitbhu/from-java-to-kotlin,6258,7.85,0,Java,https://github.com/amitshekhariitbhu/from-java-to-kotlin
lightbend/config,6222,13.31,1,Java,https://github.com/lightbend/config
ityouknow/spring-cloud-examples,6216,7.91,0,Java,https://github.com/ityouknow/spring-cloud-examples
pig-mesh/pig,6202,5.59,19,Java,https://github.com/pig-mesh/pig
micronaut-projects/micronaut-core,6193,7.06,279,Java,https://github.com/micronaut-projects/micronaut-core
exadel-inc/CompreFace,6190,4.72,11,Java,https://github.com/exadel-inc/CompreFace
graphql-java/graphql-java,6166,9.73,82,Java,https://github.com/graphql-java/graphql-java
haifengl/smile,6150,10.35,32,Java,https://github.com/haifengl/smile
ikew0ng/SwipeBackLayout,6120,11.59,0,Java,https://github.com/ikew0ng/SwipeBackLayout
hibernate/hibernate-orm,6116,14.48,67,Java,https://github.com/hibernate/hibernate-orm
google/grafika,6116,11.27,1,Java,https://github.com/google/grafika
rengwuxian/MaterialEditText,6103,10.41,19,Java,https://github.com/rengwuxian/MaterialEditText
daimajia/NumberProgressBar,6094,10.91,3,Java,https://github.com/daimajia/NumberProgressBar
apache/hertzbeat,6089,3.14,22,Java,https://github.com/apache/hertzbeat
vespa-engine/vespa,6070,8.81,208,Java,https://github.com/vespa-engine/vespa
gephi/gephi,6062,13.44,19,Java,https://github.com/gephi/gephi
pedrovgs/EffectiveAndroidUI,6024,10.73,0,Java,https://github.com/pedrovgs/EffectiveAndroidUI
getActivity/XXPermissions,6022,6.78,63,Java,https://github.com/getActivity/XXPermissions
singwhatiwanna/dynamic-load-apk,6019,11.00,0,Java,https://github.com/singwhatiwanna/dynamic-load-apk
apache/flink-cdc,6010,4.66,21,Java,https://github.com/apache/flink-cdc
google/j2objc,6007,11.16,0,Java,https://github.com/google/j2objc
auth0/java-jwt,5997,11.06,45,Java,https://github.com/auth0/java-jwt
rey5137/material,5997,10.30,10,Java,https://github.com/rey5137/material
google/physical-web,5988,10.49,17,Java,https://github.com/google/physical-web
wyouflf/xUtils3,5980,9.42,9,Java,https://github.com/wyouflf/xUtils3
apache/incubator-kie-drools,5978,14.11,5,Java,https://github.com/apache/incubator-kie-drools
Vedenin/useful-java-links,5969,9.12,0,Java,https://github.com/Vedenin/useful-java-links
liyifeng1994/ssm,5950,8.77,0,Java,https://github.com/liyifeng1994/ssm
robolectric/robolectric,5942,14.59,105,Java,https://github.com/robolectric/robolectric
springfox/springfox,5936,12.90,12,Java,https://github.com/springfox/springfox
antoniolg/androidmvp,5926,10.99,0,Java,https://github.com/antoniolg/androidmvp
prolificinteractive/material-calendarview,5922,10.13,22,Java,https://github.com/prolificinteractive/material-calendarview
DerekYRC/mini-spring,5915,4.35,0,Java,https://github.com/DerekYRC/mini-spring
alipay/SoloPi,5906,6.04,8,Java,https://github.com/alipay/SoloPi
LandGrey/SpringBootVulExploit,5892,4.85,0,Java,https://github.com/LandGrey/SpringBootVulExploit
weibocom/motan,5885,8.94,26,Java,https://github.com/weibocom/motan
vavr-io/vavr,5871,11.16,18,Java,https://github.com/vavr-io/vavr
btraceio/btrace,5871,10.58,33,Java,https://github.com/btraceio/btrace
lets-blade/blade,5861,9.80,9,Java,https://github.com/lets-blade/blade
jetlinks/jetlinks-community,5836,5.23,19,Java,https://github.com/jetlinks/jetlinks-community
journeyapps/zxing-android-embedded,5827,12.33,9,Java,https://github.com/journeyapps/zxing-android-embedded
Nightonke/BoomMenu,5803,9.02,0,Java,https://github.com/Nightonke/BoomMenu
yarolegovich/DiscreteScrollView,5789,8.07,2,Java,https://github.com/yarolegovich/DiscreteScrollView
changmingxie/tcc-transaction,5787,9.31,8,Java,https://github.com/changmingxie/tcc-transaction
JakeWharton/DiskLruCache,5786,13.23,0,Java,https://github.com/JakeWharton/DiskLruCache
apache/camel,5775,15.86,0,Java,https://github.com/apache/camel
dmytrodanylyk/circular-progress-button,5769,10.81,3,Java,https://github.com/dmytrodanylyk/circular-progress-button
amitshekhariitbhu/Fast-Android-Networking,5769,9.02,10,Java,https://github.com/amitshekhariitbhu/Fast-Android-Networking
obsidiandynamics/kafdrop,5765,5.83,49,Java,https://github.com/obsidiandynamics/kafdrop
google/google-java-format,5739,9.88,32,Java,https://github.com/google/google-java-format
Devlight/InfiniteCycleViewPager,5736,8.60,2,Java,https://github.com/Devlight/InfiniteCycleViewPager
WeiYe-Jing/datax-web,5730,5.35,5,Java,https://github.com/WeiYe-Jing/datax-web
648540858/wvp-GB28181-pro,5729,4.36,0,Java,https://github.com/648540858/wvp-GB28181-pro
ffay/lanproxy,5729,8.35,1,Java,https://github.com/ffay/lanproxy
traccar/traccar,5725,12.95,55,Java,https://github.com/traccar/traccar
javaparser/javaparser,5720,13.41,53,Java,https://github.com/javaparser/javaparser
k0shk0sh/FastHub,5716,8.10,63,Java,https://github.com/k0shk0sh/FastHub
apache/iotdb,5715,6.34,39,Java,https://github.com/apache/iotdb
opengoofy/hippo4j,5714,3.78,18,Java,https://github.com/opengoofy/hippo4j
jpush/aurora-imui,5712,8.29,42,Java,https://github.com/jpush/aurora-imui
apache/hudi,5702,8.28,30,Java,https://github.com/apache/hudi
Nepxion/Discovery,5701,6.77,130,Java,https://github.com/Nepxion/Discovery
nayuki/QR-Code-generator,5700,8.95,5,Java,https://github.com/nayuki/QR-Code-generator
springside/springside4,5699,13.10,3,Java,https://github.com/springside/springside4
apache/pinot,5690,10.86,20,Java,https://github.com/apache/pinot
graphhopper/graphhopper,5686,13.11,45,Java,https://github.com/graphhopper/graphhopper
yanzhenjie/SwipeRecyclerView,5682,8.65,0,Java,https://github.com/yanzhenjie/SwipeRecyclerView
JakeWharton/u2020,5671,11.37,0,Java,https://github.com/JakeWharton/u2020
FongMi/TV,5670,2.76,0,Java,https://github.com/FongMi/TV
apache/hive,5665,15.86,0,Java,https://github.com/apache/hive
ZhongFuCheng3y/austin,5655,3.39,0,Java,https://github.com/ZhongFuCheng3y/austin
Javen205/IJPay,5651,7.90,24,Java,https://github.com/Javen205/IJPay
youtube/api-samples,5650,11.30,0,Java,https://github.com/youtube/api-samples
crazycodeboy/react-native-splash-screen,5640,8.53,12,Java,https://github.com/crazycodeboy/react-native-splash-screen
hanks-zyh/HTextView,5640,9.27,0,Java,https://github.com/hanks-zyh/HTextView
wasabeef/Blurry,5631,9.68,0,Java,https://github.com/wasabeef/Blurry
daimajia/AndroidImageSlider,5625,10.82,5,Java,https://github.com/daimajia/AndroidImageSlider
JSQLParser/JSqlParser,5612,13.76,35,Java,https://github.com/JSQLParser/JSqlParser
hongyangAndroid/FlowLayout,5595,9.58,0,Java,https://github.com/hongyangAndroid/FlowLayout
amlcurran/ShowcaseView,5590,12.62,13,Java,https://github.com/amlcurran/ShowcaseView
dromara/lamp-cloud,5585,7.19,0,Java,https://github.com/dromara/lamp-cloud
MuntashirAkon/AppManager,5578,4.82,72,Java,https://github.com/MuntashirAkon/AppManager
TommyLemon/Android-ZBLibrary,5566,9.60,25,Java,https://github.com/TommyLemon/Android-ZBLibrary
jagrosh/MusicBot,5560,8.62,38,Java,https://github.com/jagrosh/MusicBot
knightliao/disconf,5553,10.83,12,Java,https://github.com/knightliao/disconf
nhaarman/ListViewAnimations,5551,12.03,14,Java,https://github.com/nhaarman/ListViewAnimations
logisim-evolution/logisim-evolution,5540,10.52,30,Java,https://github.com/logisim-evolution/logisim-evolution
redis/lettuce,5535,10.88,128,Java,https://github.com/redis/lettuce
ElderDrivers/EdXposed,5527,6.19,27,Java,https://github.com/ElderDrivers/EdXposed
ZHENFENG13/spring-boot-projects,5527,7.99,0,Java,https://github.com/ZHENFENG13/spring-boot-projects
baidu/uid-generator,5510,8.00,0,Java,https://github.com/baidu/uid-generator
TeamAmaze/AmazeFileManager,5506,10.70,66,Java,https://github.com/TeamAmaze/AmazeFileManager
emilsjolander/StickyListHeaders,5502,13.05,16,Java,https://github.com/emilsjolander/StickyListHeaders
sockeqwe/mosby,5480,10.01,15,Java,https://github.com/sockeqwe/mosby
wuhaoyu1990/MagicCamera,5473,9.22,0,Java,https://github.com/wuhaoyu1990/MagicCamera
alibaba/freeline,5472,8.65,22,Java,https://github.com/alibaba/freeline
danikula/AndroidVideoCache,5460,9.99,20,Java,https://github.com/danikula/AndroidVideoCache
JanusGraph/janusgraph,5456,8.25,28,Java,https://github.com/JanusGraph/janusgraph
dm77/barcodescanner,5454,11.09,6,Java,https://github.com/dm77/barcodescanner
scribejava/scribejava,5452,14.56,9,Java,https://github.com/scribejava/scribejava
KeepSafe/TapTargetView,5426,8.54,24,Java,https://github.com/KeepSafe/TapTargetView
facebookarchive/rebound,5422,11.46,10,Java,https://github.com/facebookarchive/rebound
meefik/linuxdeploy,5417,12.60,37,Java,https://github.com/meefik/linuxdeploy
motianhuo/wechat,5413,9.84,0,Java,https://github.com/motianhuo/wechat
apache/dubbo-spring-boot-project,5411,7.19,13,Java,https://github.com/apache/dubbo-spring-boot-project
jeequan/jeepay,5410,7.62,0,Java,https://github.com/jeequan/jeepay
Jasonchenlijian/FastBle,5382,8.59,9,Java,https://github.com/Jasonchenlijian/FastBle
Evernote/android-job,5370,9.60,31,Java,https://github.com/Evernote/android-job
socketio/socket.io-client-java,5369,11.92,7,Java,https://github.com/socketio/socket.io-client-java
jgilfelt/SystemBarTint,5360,11.36,3,Java,https://github.com/jgilfelt/SystemBarTint
commonsguy/cw-omnibus,5352,13.05,36,Java,https://github.com/commonsguy/cw-omnibus
facebookarchive/shimmer-android,5344,10.08,5,Java,https://github.com/facebookarchive/shimmer-android
XRecyclerView/XRecyclerView,5333,9.36,0,Java,https://github.com/XRecyclerView/XRecyclerView
h6ah4i/android-advancedrecyclerview,5326,10.17,1,Java,https://github.com/h6ah4i/android-advancedrecyclerview
apache/hbase,5313,10.85,45,Java,https://github.com/apache/hbase
alibaba/jetcache,5303,7.96,66,Java,https://github.com/alibaba/jetcache
mybatis/generator,5302,12.13,11,Java,https://github.com/mybatis/generator
evant/gradle-retrolambda,5292,11.65,37,Java,https://github.com/evant/gradle-retrolambda
spring-projects/spring-data-examples,5283,11.16,0,Java,https://github.com/spring-projects/spring-data-examples
xxv/android-lifecycle,5274,10.94,0,Java,https://github.com/xxv/android-lifecycle
yixia/VitamioBundle,5270,12.44,0,Java,https://github.com/yixia/VitamioBundle
apache/groovy,5268,9.95,0,Java,https://github.com/apache/groovy
google/google-authenticator,5262,10.47,0,Java,https://github.com/google/google-authenticator
zfdang/Android-Touch-Helper,5251,4.44,112,Java,https://github.com/zfdang/Android-Touch-Helper
Yalantis/Side-Menu.Android,5246,10.20,2,Java,https://github.com/Yalantis/Side-Menu.Android
thinkaurelius/titan,5241,13.09,0,Java,https://github.com/thinkaurelius/titan
coobird/thumbnailator,5241,9.68,0,Java,https://github.com/coobird/thumbnailator
CeuiLiSA/Pixiv-Shaft,5240,5.99,110,Java,https://github.com/CeuiLiSA/Pixiv-Shaft
lucasr/twoway-view,5230,12.19,0,Java,https://github.com/lucasr/twoway-view
Karumi/Dexter,5224,9.36,33,Java,https://github.com/Karumi/Dexter
201206030/novel,5217,5.38,12,Java,https://github.com/201206030/novel
lingochamp/okdownload,5215,7.28,8,Java,https://github.com/lingochamp/okdownload
razerdp/BasePopup,5215,9.20,15,Java,https://github.com/razerdp/BasePopup
Clans/FloatingActionButton,5214,10.02,14,Java,https://github.com/Clans/FloatingActionButton
CodingDocs/springboot-guide,5212,6.33,0,Java,https://github.com/CodingDocs/springboot-guide
LFDT-web3j/web3j,5199,8.56,118,Java,https://github.com/LFDT-web3j/web3j
apache/nifi,5192,10.29,0,Java,https://github.com/apache/nifi
huangyanbin/smartTable,5186,7.38,44,Java,https://github.com/huangyanbin/smartTable
ddd-by-examples/library,5185,6.21,0,Java,https://github.com/ddd-by-examples/library
hustcc/JS-Sorting-Algorithm,5172,8.19,0,Java,https://github.com/hustcc/JS-Sorting-Algorithm
strimzi/strimzi-kafka-operator,5156,8.89,146,Java,https://github.com/strimzi/strimzi-kafka-operator
square/otto,5151,12.75,0,Java,https://github.com/square/otto
careercup/ctci,5146,12.02,0,Java,https://github.com/careercup/ctci
Doikki/DKVideoPlayer,5135,7.96,32,Java,https://github.com/Doikki/DKVideoPlayer
android/views-widgets-samples,5112,5.55,0,Java,https://github.com/android/views-widgets-samples
citerus/dddsample-core,5108,10.15,0,Java,https://github.com/citerus/dddsample-core
00-Evan/shattered-pixel-dungeon,5104,10.66,50,Java,https://github.com/00-Evan/shattered-pixel-dungeon
PhilippC/keepass2android,5085,7.52,30,Java,https://github.com/PhilippC/keepass2android
mik3y/usb-serial-for-android,5083,11.74,33,Java,https://github.com/mik3y/usb-serial-for-android
bitcoinj/bitcoinj,5068,11.36,14,Java,https://github.com/bitcoinj/bitcoinj
reactor/reactor-core,5059,9.38,197,Java,https://github.com/reactor/reactor-core
wequick/Small,5053,9.33,25,Java,https://github.com/wequick/Small
remkop/picocli,5051,8.15,85,Java,https://github.com/remkop/picocli
CaffeineMC/sodium,5043,5.15,40,Java,https://github.com/CaffeineMC/sodium
deathmarine/Luyten,5036,11.71,17,Java,https://github.com/deathmarine/Luyten
OpenTSDB/opentsdb,5030,14.59,27,Java,https://github.com/OpenTSDB/opentsdb
ikarus23/MifareClassicTool,5027,12.12,8,Java,https://github.com/ikarus23/MifareClassicTool
natario1/CameraView,5021,7.69,42,Java,https://github.com/natario1/CameraView
Trinea/android-common,5017,12.77,1,Java,https://github.com/Trinea/android-common
brianfrankcooper/YCSB,5016,14.94,55,Java,https://github.com/brianfrankcooper/YCSB
pmd/pmd,5016,12.71,101,Java,https://github.com/pmd/pmd
yipianfengye/android-zxingLibrary,5015,8.67,0,Java,https://github.com/yipianfengye/android-zxingLibrary
j-easy/easy-rules,5015,12.05,10,Java,https://github.com/j-easy/easy-rules
sofastack/sofa-boot,5013,6.99,80,Java,https://github.com/sofastack/sofa-boot
rubensousa/GravitySnapHelper,5006,8.57,14,Java,https://github.com/rubensousa/GravitySnapHelper
zhanglei-workspace/shopping-management-system,5000,9.36,0,Java,https://github.com/zhanglei-workspace/shopping-management-system
alibaba/UltraViewPager,4998,8.00,10,Java,https://github.com/alibaba/UltraViewPager
orhanobut/dialogplus,4994,10.29,9,Java,https://github.com/orhanobut/dialogplus
alibaba/QLExpress,4991,8.03,10,Java,https://github.com/alibaba/QLExpress
rubenlagus/TelegramBots,4987,9.20,105,Java,https://github.com/rubenlagus/TelegramBots
DingMouRen/LayoutManagerGroup,4986,6.91,0,Java,https://github.com/DingMouRen/LayoutManagerGroup
Fuzion24/JustTrustMe,4986,10.68,1,Java,https://github.com/Fuzion24/JustTrustMe
novicezk/midjourney-proxy,4984,1.92,0,Java,https://github.com/novicezk/midjourney-proxy
JodaOrg/joda-time,4983,13.87,49,Java,https://github.com/JodaOrg/joda-time
spring-attic/spring-mvc-showcase,4981,13.82,0,Java,https://github.com/spring-attic/spring-mvc-showcase
frogermcs/InstaMaterial,4980,10.38,1,Java,https://github.com/frogermcs/InstaMaterial
xuexiangjys/XUI,4979,6.22,23,Java,https://github.com/xuexiangjys/XUI
LWJGL/lwjgl3,4977,12.26,21,Java,https://github.com/LWJGL/lwjgl3
osmandapp/OsmAnd,4965,14.20,1,Java,https://github.com/osmandapp/OsmAnd
youlookwhat/CloudReader,4964,8.35,25,Java,https://github.com/youlookwhat/CloudReader
jankotek/mapdb,4959,12.61,0,Java,https://github.com/jankotek/mapdb
liquibase/liquibase,4959,13.72,101,Java,https://github.com/liquibase/liquibase
spring-projects/spring-authorization-server,4957,5.03,69,Java,https://github.com/spring-projects/spring-authorization-server
amitshekhariitbhu/RxJava2-Android-Samples,4952,8.58,0,Java,https://github.com/amitshekhariitbhu/RxJava2-Android-Samples
2227324689/gpmall,4951,5.69,0,Java,https://github.com/2227324689/gpmall
tonikelope/megabasterd,4950,8.49,208,Java,https://github.com/tonikelope/megabasterd
runelite/runelite,4948,8.91,0,Java,https://github.com/runelite/runelite
Devlight/NavigationTabBar,4948,9.00,13,Java,https://github.com/Devlight/NavigationTabBar
Exrick/xpay,4940,7.29,0,Java,https://github.com/Exrick/xpay
GeyserMC/Geyser,4937,5.72,0,Java,https://github.com/GeyserMC/Geyser
traex/RippleEffect,4920,10.45,0,Java,https://github.com/traex/RippleEffect
react-native-linear-gradient/react-native-linear-gradient,4916,9.99,18,Java,https://github.com/react-native-linear-gradient/react-native-linear-gradient
Ramotion/folding-cell-android,4903,8.99,0,Java,https://github.com/Ramotion/folding-cell-android
spring-cloud/spring-cloud-netflix,4902,10.71,19,Java,https://github.com/spring-cloud/spring-cloud-netflix
apache/ignite,4902,10.10,0,Java,https://github.com/apache/ignite
CellularPrivacy/Android-IMSI-Catcher-Detector,4902,11.34,48,Java,https://github.com/CellularPrivacy/Android-IMSI-Catcher-Detector
oshi/oshi,4891,13.13,162,Java,https://github.com/oshi/oshi
youlookwhat/DesignPattern,4888,8.43,0,Java,https://github.com/youlookwhat/DesignPattern
line/armeria,4885,9.36,255,Java,https://github.com/line/armeria
houbb/sensitive-word,4881,5.22,2,Java,https://github.com/houbb/sensitive-word
roncoo/roncoo-pay,4879,8.68,0,Java,https://github.com/roncoo/roncoo-pay
lugg/react-native-config,4876,9.09,26,Java,https://github.com/lugg/react-native-config
tianshiyeben/wgcloud,4872,6.20,27,Java,https://github.com/tianshiyeben/wgcloud
microsoft/typespec,4869,3.74,152,Java,https://github.com/microsoft/typespec
baomidou/dynamic-datasource,4866,6.91,18,Java,https://github.com/baomidou/dynamic-datasource
cinit/QAuxiliary,4854,3.16,46,Java,https://github.com/cinit/QAuxiliary
cglib/cglib,4841,11.00,15,Java,https://github.com/cglib/cglib
bisq-network/bisq,4838,11.05,140,Java,https://github.com/bisq-network/bisq
querydsl/querydsl,4836,13.65,35,Java,https://github.com/querydsl/querydsl
reactive-streams/reactive-streams-jvm,4834,11.08,0,Java,https://github.com/reactive-streams/reactive-streams-jvm
DiUS/java-faker,4833,13.81,0,Java,https://github.com/DiUS/java-faker
WuKongOpenSource/WukongCRM-11.0-JAVA,4832,3.97,0,Java,https://github.com/WuKongOpenSource/WukongCRM-11.0-JAVA
mcxiaoke/packer-ng-plugin,4822,9.34,1,Java,https://github.com/mcxiaoke/packer-ng-plugin
andkulikov/Transitions-Everywhere,4816,10.45,23,Java,https://github.com/andkulikov/Transitions-Everywhere
claritylab/lucida,4805,10.87,0,Java,https://github.com/claritylab/lucida
TheoKanning/openai-java,4799,4.53,22,Java,https://github.com/TheoKanning/openai-java
killbill/killbill,4795,12.43,149,Java,https://github.com/killbill/killbill
orientechnologies/orientdb,4788,12.30,219,Java,https://github.com/orientechnologies/orientdb
jindrapetrik/jpexs-decompiler,4781,10.88,168,Java,https://github.com/jindrapetrik/jpexs-decompiler
killme2008/aviatorscript,4774,14.00,52,Java,https://github.com/killme2008/aviatorscript
diffplug/spotless,4771,9.92,20,Java,https://github.com/diffplug/spotless
saiwu-bigkoo/Android-ConvenientBanner,4770,10.26,0,Java,https://github.com/saiwu-bigkoo/Android-ConvenientBanner
apache/calcite,4768,10.76,0,Java,https://github.com/apache/calcite
rstudio/rstudio,4766,14.31,0,Java,https://github.com/rstudio/rstudio
react-native-webrtc/react-native-webrtc,4764,9.50,80,Java,https://github.com/react-native-webrtc/react-native-webrtc
hneemann/Digital,4762,8.75,35,Java,https://github.com/hneemann/Digital
Suwayomi/Suwayomi-Server,4761,4.26,56,Java,https://github.com/Suwayomi/Suwayomi-Server
etsy/AndroidStaggeredGrid,4751,11.30,7,Java,https://github.com/etsy/AndroidStaggeredGrid
fuzhengwei/small-spring,4746,3.87,0,Java,https://github.com/fuzhengwei/small-spring
google/cameraview,4743,8.65,0,Java,https://github.com/google/cameraview
ronmamo/reflections,4737,11.95,3,Java,https://github.com/ronmamo/reflections
nisrulz/android-tips-tricks,4735,8.59,0,Java,https://github.com/nisrulz/android-tips-tricks
kyleduo/SwitchButton,4731,10.55,0,Java,https://github.com/kyleduo/SwitchButton
javastacks/spring-boot-best-practice,4727,6.38,0,Java,https://github.com/javastacks/spring-boot-best-practice
tuguangquan/mybatis,4725,10.40,0,Java,https://github.com/tuguangquan/mybatis
hongyangAndroid/baseAdapter,4722,9.65,0,Java,https://github.com/hongyangAndroid/baseAdapter
hansonwang99/Spring-Boot-In-Action,4706,6.16,0,Java,https://github.com/hansonwang99/Spring-Boot-In-Action
AutoMQ/automq,4703,1.61,57,Java,https://github.com/AutoMQ/automq
jgilfelt/chuck,4700,8.13,5,Java,https://github.com/jgilfelt/chuck
spring-attic/spring-security-oauth,4694,13.67,0,Java,https://github.com/spring-attic/spring-security-oauth
mock-server/mockserver,4693,12.08,0,Java,https://github.com/mock-server/mockserver
pardom-zz/ActiveAndroid,4690,12.37,0,Java,https://github.com/pardom-zz/ActiveAndroid
firebase/FirebaseUI-Android,4670,9.72,66,Java,https://github.com/firebase/FirebaseUI-Android
wdullaer/MaterialDateTimePicker,4667,10.23,54,Java,https://github.com/wdullaer/MaterialDateTimePicker
gabrielemariotti/cardslib,4650,11.52,27,Java,https://github.com/gabrielemariotti/cardslib
romandanylyk/PageIndicatorView,4640,8.60,14,Java,https://github.com/romandanylyk/PageIndicatorView
zlt2000/microservices-platform,4640,6.06,30,Java,https://github.com/zlt2000/microservices-platform
zq2599/blog_demos,4636,7.97,0,Java,https://github.com/zq2599/blog_demos
SPLWare/esProc,4629,3.38,0,Java,https://github.com/SPLWare/esProc
spring-cloud/spring-cloud-gateway,4617,8.36,24,Java,https://github.com/spring-cloud/spring-cloud-gateway
cjlin1/libsvm,4614,11.55,0,Java,https://github.com/cjlin1/libsvm
SplashCodes/JAViewer,4612,8.85,10,Java,https://github.com/SplashCodes/JAViewer
Heeexy/SpringBoot-Shiro-Vue,4602,7.36,0,Java,https://github.com/Heeexy/SpringBoot-Shiro-Vue
Netflix/ribbon,4598,12.20,41,Java,https://github.com/Netflix/ribbon
stleary/JSON-java,4593,14.27,23,Java,https://github.com/stleary/JSON-java
Sayi/poi-tl,4590,10.02,14,Java,https://github.com/Sayi/poi-tl
apache/rocketmq-externals,4589,8.04,0,Java,https://github.com/apache/rocketmq-externals
yasserg/crawler4j,4581,13.24,3,Java,https://github.com/yasserg/crawler4j
chentao0707/SimplifyReader,4576,9.61,0,Java,https://github.com/chentao0707/SimplifyReader
saysky/ForestBlog,4572,7.47,0,Java,https://github.com/saysky/ForestBlog
dunwu/db-tutorial,4571,7.63,0,Java,https://github.com/dunwu/db-tutorial
puniverse/quasar,4569,12.00,18,Java,https://github.com/puniverse/quasar
micrometer-metrics/micrometer,4569,7.96,255,Java,https://github.com/micrometer-metrics/micrometer
javagrowing/JGrowing,4565,6.08,0,Java,https://github.com/javagrowing/JGrowing
bytedeco/javacpp,4564,10.94,12,Java,https://github.com/bytedeco/javacpp
danielzeller/Depth-LIB-Android-,4557,8.92,0,Java,https://github.com/danielzeller/Depth-LIB-Android-
square/sqlbrite,4556,10.10,9,Java,https://github.com/square/sqlbrite
zhanghai/Douya,4555,9.15,11,Java,https://github.com/zhanghai/Douya
go-lang-plugin-org/go-lang-idea-plugin,4554,14.58,21,Java,https://github.com/go-lang-plugin-org/go-lang-idea-plugin
apache/maven,4551,15.86,23,Java,https://github.com/apache/maven
jdamcd/android-crop,4543,11.04,6,Java,https://github.com/jdamcd/android-crop
Docile-Alligator/Infinity-For-Reddit,4537,6.67,174,Java,https://github.com/Docile-Alligator/Infinity-For-Reddit
RedSpider1/concurrent,4531,6.40,0,Java,https://github.com/RedSpider1/concurrent
981011512/--,4531,4.77,0,Java,https://github.com/981011512/--
alibaba/dexposed,4523,9.74,0,Java,https://github.com/alibaba/dexposed
Flipboard/bottomsheet,4521,9.93,10,Java,https://github.com/Flipboard/bottomsheet
chewiebug/GCViewer,4518,13.43,5,Java,https://github.com/chewiebug/GCViewer
CalebFenton/simplify,4518,11.20,9,Java,https://github.com/CalebFenton/simplify
castorflex/SmoothProgressBar,4513,11.33,9,Java,https://github.com/castorflex/SmoothProgressBar
nextcloud/android,4509,8.81,245,Java,https://github.com/nextcloud/android
JZ-Darkal/AndroidHttpCapture,4496,8.45,1,Java,https://github.com/JZ-Darkal/AndroidHttpCapture
allure-framework/allure2,4494,8.83,76,Java,https://github.com/allure-framework/allure2
HotBitmapGG/bilibili-android-client,4492,8.82,1,Java,https://github.com/HotBitmapGG/bilibili-android-client
azkaban/azkaban,4490,12.44,48,Java,https://github.com/azkaban/azkaban
phishman3579/java-algorithms-implementation,4486,11.35,0,Java,https://github.com/phishman3579/java-algorithms-implementation
objectbox/objectbox-java,4482,8.17,46,Java,https://github.com/objectbox/objectbox-java
JakeWharton/NineOldAndroids,4480,13.30,0,Java,https://github.com/JakeWharton/NineOldAndroids
oracle/opengrok,4478,12.22,286,Java,https://github.com/oracle/opengrok
hussien89aa/AndroidTutorialForBeginners,4472,8.50,0,Java,https://github.com/hussien89aa/AndroidTutorialForBeginners
tiann/epic,4464,7.85,5,Java,https://github.com/tiann/epic
janishar/android-mvp-architecture,4445,8.16,0,Java,https://github.com/janishar/android-mvp-architecture
discord-jda/JDA,4441,9.29,99,Java,https://github.com/discord-jda/JDA
Meituan-Dianping/Robust,4439,8.04,13,Java,https://github.com/Meituan-Dianping/Robust
square/android-times-square,4437,12.16,0,Java,https://github.com/square/android-times-square
Tencent/GT,4407,9.20,3,Java,https://github.com/Tencent/GT
airbnb/DeepLinkDispatch,4397,9.79,24,Java,https://github.com/airbnb/DeepLinkDispatch
deepjavalibrary/djl,4395,5.41,33,Java,https://github.com/deepjavalibrary/djl
dreamhead/moco,4395,12.44,1,Java,https://github.com/dreamhead/moco
ant-media/Ant-Media-Server,4394,8.07,62,Java,https://github.com/ant-media/Ant-Media-Server
robinhood/ticker,4388,8.70,9,Java,https://github.com/robinhood/ticker
rememberber/WePush,4382,7.76,58,Java,https://github.com/rememberber/WePush
charles2gan/GDA-android-reversing-Tool,4376,7.40,40,Java,https://github.com/charles2gan/GDA-android-reversing-Tool
angryip/ipscan,4369,13.75,30,Java,https://github.com/angryip/ipscan
Ashok-Varma/BottomNavigation,4367,9.02,16,Java,https://github.com/Ashok-Varma/BottomNavigation
apache/shiro,4363,15.58,11,Java,https://github.com/apache/shiro
awangdev/leet-code,4356,9.92,0,Java,https://github.com/awangdev/leet-code
water8394/flink-recommandSystem-demo,4354,5.87,0,Java,https://github.com/water8394/flink-recommandSystem-demo
spring-projects/spring-ai,4329,1.75,0,Java,https://github.com/spring-projects/spring-ai
Freeyourgadget/Gadgetbridge,4316,10.22,0,Java,https://github.com/Freeyourgadget/Gadgetbridge
h2database/h2database,4312,9.97,23,Java,https://github.com/h2database/h2database
bingoogolapple/BGARefreshLayout-Android,4311,9.83,4,Java,https://github.com/bingoogolapple/BGARefreshLayout-Android
jacoco/jacoco,4303,12.72,48,Java,https://github.com/jacoco/jacoco
jeasonlzy/ImagePicker,4302,9.17,5,Java,https://github.com/jeasonlzy/ImagePicker
pytorch/serve,4301,5.48,24,Java,https://github.com/pytorch/serve
mcxiaoke/android-volley,4289,11.85,0,Java,https://github.com/mcxiaoke/android-volley
eirslett/frontend-maven-plugin,4285,11.58,0,Java,https://github.com/eirslett/frontend-maven-plugin
aporter/coursera-android,4278,11.23,0,Java,https://github.com/aporter/coursera-android
IoT-Technology/IoT-Technical-Guide,4277,5.99,0,Java,https://github.com/IoT-Technology/IoT-Technical-Guide
dromara/dynamic-tp,4270,3.21,17,Java,https://github.com/dromara/dynamic-tp
grantland/android-autofittextview,4268,14.12,1,Java,https://github.com/grantland/android-autofittextview
ongakuer/CircleIndicator,4268,10.66,7,Java,https://github.com/ongakuer/CircleIndicator
brianway/java-learning,4266,9.13,0,Java,https://github.com/brianway/java-learning
fast-excel/fastexcel,4265,0.47,3,Java,https://github.com/fast-excel/fastexcel
bjmashibing/InternetArchitect,4257,5.44,0,Java,https://github.com/bjmashibing/InternetArchitect
dragonwell-project/dragonwell8,4253,6.06,38,Java,https://github.com/dragonwell-project/dragonwell8
ThirtyDegreesRay/OpenHub,4253,7.71,31,Java,https://github.com/ThirtyDegreesRay/OpenHub
linhaojun857/aurora,4250,2.60,0,Java,https://github.com/linhaojun857/aurora
failsafe-lib/failsafe,4238,9.75,0,Java,https://github.com/failsafe-lib/failsafe
zongzibinbin/MallChat,4237,2.03,0,Java,https://github.com/zongzibinbin/MallChat
ChadCSong/ShineButton,4220,8.73,2,Java,https://github.com/ChadCSong/ShineButton
codingapi/tx-lcn,4206,7.38,14,Java,https://github.com/codingapi/tx-lcn
crate/crate,4203,11.97,129,Java,https://github.com/crate/crate
zhkl0228/unidbg,4198,6.08,15,Java,https://github.com/zhkl0228/unidbg
hugeterry/CoordinatorTabLayout,4194,8.16,0,Java,https://github.com/hugeterry/CoordinatorTabLayout
jitsi/jitsi,4192,11.93,7,Java,https://github.com/jitsi/jitsi
camunda/camunda-bpm-platform,4191,12.23,0,Java,https://github.com/camunda/camunda-bpm-platform
yhaolpz/FloatWindow,4191,7.37,9,Java,https://github.com/yhaolpz/FloatWindow
Jacksgong/JKeyboardPanelSwitch,4188,9.74,14,Java,https://github.com/Jacksgong/JKeyboardPanelSwitch
mybatis/spring-boot-starter,4186,9.51,31,Java,https://github.com/mybatis/spring-boot-starter
powermock/powermock,4180,10.83,16,Java,https://github.com/powermock/powermock
oddfar/campus-imaotai,4180,1.72,11,Java,https://github.com/oddfar/campus-imaotai
bingoogolapple/BGABanner-Android,4175,10.42,0,Java,https://github.com/bingoogolapple/BGABanner-Android
jboss-javassist/javassist,4169,11.85,24,Java,https://github.com/jboss-javassist/javassist
google/open-location-code,4168,10.49,5,Java,https://github.com/google/open-location-code
gsantner/markor,4155,7.59,76,Java,https://github.com/gsantner/markor
jlegewie/zotfile,4150,13.24,33,Java,https://github.com/jlegewie/zotfile
aws/aws-sdk-java,4148,15.02,0,Java,https://github.com/aws/aws-sdk-java
pedrovgs/AndroidWiFiADB,4145,9.44,8,Java,https://github.com/pedrovgs/AndroidWiFiADB
microsoft/malmo,4135,8.86,21,Java,https://github.com/microsoft/malmo
Snailclimb/guide-rpc-framework,4126,4.88,0,Java,https://github.com/Snailclimb/guide-rpc-framework
dromara/hmily,4125,7.50,0,Java,https://github.com/dromara/hmily
alibaba/Tangram-Android,4114,8.00,38,Java,https://github.com/alibaba/Tangram-Android
dinuscxj/LoadingDrawable,4112,8.95,0,Java,https://github.com/dinuscxj/LoadingDrawable
zendesk/maxwell,4100,10.13,213,Java,https://github.com/zendesk/maxwell
Manabu-GT/ExpandableTextView,4089,10.86,4,Java,https://github.com/Manabu-GT/ExpandableTextView
mywalkb/LSPosed_mod,4087,3.00,10,Java,https://github.com/mywalkb/LSPosed_mod
bepass-org/oblivion,4075,1.13,12,Java,https://github.com/bepass-org/oblivion
s4kibs4mi/java-developer-roadmap,4075,5.93,0,Java,https://github.com/s4kibs4mi/java-developer-roadmap
code4craft/tiny-spring,4072,11.21,0,Java,https://github.com/code4craft/tiny-spring
nining377/dolby_beta,4070,4.85,37,Java,https://github.com/nining377/dolby_beta
rubensousa/ViewPagerCards,4067,8.60,0,Java,https://github.com/rubensousa/ViewPagerCards
oblac/jodd,4062,12.55,37,Java,https://github.com/oblac/jodd
qunarcorp/bistoury,4060,5.65,8,Java,https://github.com/qunarcorp/bistoury
luckybilly/CC,4050,7.34,0,Java,https://github.com/luckybilly/CC
pqpo/SmartCropper,4046,7.65,13,Java,https://github.com/pqpo/SmartCropper
DTStack/chunjun,4037,6.98,30,Java,https://github.com/DTStack/chunjun
oldmanpushcart/greys-anatomy,4029,12.35,0,Java,https://github.com/oldmanpushcart/greys-anatomy
TGX-Android/Telegram-X,4025,3.61,4,Java,https://github.com/TGX-Android/Telegram-X
apache/streampark,4024,5.84,28,Java,https://github.com/apache/streampark
xcltapestry/XCL-Charts,4018,10.80,0,Java,https://github.com/xcltapestry/XCL-Charts
apache/dubbo-admin,4016,7.21,6,Java,https://github.com/apache/dubbo-admin
BoltsFramework/Bolts-Android,4012,11.16,11,Java,https://github.com/BoltsFramework/Bolts-Android
Yalantis/Phoenix,4004,10.21,1,Java,https://github.com/Yalantis/Phoenix
makovkastar/FloatingActionButton,4003,10.68,0,Java,https://github.com/makovkastar/FloatingActionButton
lcodecorex/TwinklingRefreshLayout,4002,9.07,0,Java,https://github.com/lcodecorex/TwinklingRefreshLayout
geoserver/geoserver,3988,13.38,55,Java,https://github.com/geoserver/geoserver
Piasy/BigImageViewer,3987,8.39,0,Java,https://github.com/Piasy/BigImageViewer
alibaba/fastjson2,3985,2.94,56,Java,https://github.com/alibaba/fastjson2
orhanobut/hawk,3985,10.10,22,Java,https://github.com/orhanobut/hawk
qstumn/BadgeView,3980,8.13,5,Java,https://github.com/qstumn/BadgeView
Aliucord/Aliucord,3966,4.07,14,Java,https://github.com/Aliucord/Aliucord
binIoter/GuideView,3957,8.77,0,Java,https://github.com/binIoter/GuideView
mercyblitz/tech-weekly,3956,6.31,0,Java,https://github.com/mercyblitz/tech-weekly
201206030/novel-plus,3955,4.90,27,Java,https://github.com/201206030/novel-plus
jbloch/effective-java-3e-source-code,3955,6.65,0,Java,https://github.com/jbloch/effective-java-3e-source-code
NotFound9/interviewGuide,3947,8.94,0,Java,https://github.com/NotFound9/interviewGuide
zzhoujay/RichText,3942,9.69,0,Java,https://github.com/zzhoujay/RichText
JoanZapata/android-iconify,3938,11.79,0,Java,https://github.com/JoanZapata/android-iconify
knowm/XChange,3937,13.15,0,Java,https://github.com/knowm/XChange
rengwuxian/RxJavaSamples,3937,9.01,3,Java,https://github.com/rengwuxian/RxJavaSamples
JeremyLiao/LiveEventBus,3932,6.71,0,Java,https://github.com/JeremyLiao/LiveEventBus
rovo89/XposedInstaller,3929,12.99,0,Java,https://github.com/rovo89/XposedInstaller
jMonkeyEngine/jmonkeyengine,3928,11.02,69,Java,https://github.com/jMonkeyEngine/jmonkeyengine
linyiqun/DataMiningAlgorithm,3909,10.21,0,Java,https://github.com/linyiqun/DataMiningAlgorithm
bluelinelabs/Conductor,3902,9.03,36,Java,https://github.com/bluelinelabs/Conductor
jetty/jetty.project,3902,13.71,113,Java,https://github.com/jetty/jetty.project
alibaba/jstorm,3900,11.57,22,Java,https://github.com/alibaba/jstorm
databricks/learning-spark,3891,10.78,0,Java,https://github.com/databricks/learning-spark
kermitt2/grobid,3889,12.54,21,Java,https://github.com/kermitt2/grobid
fishercoder1534/Leetcode,3889,8.66,0,Java,https://github.com/fishercoder1534/Leetcode
awaitility/awaitility,3886,15.18,0,Java,https://github.com/awaitility/awaitility
JavaNoober/BackgroundLibrary,3875,6.55,13,Java,https://github.com/JavaNoober/BackgroundLibrary
amirzaidi/Launcher3,3865,7.83,22,Java,https://github.com/amirzaidi/Launcher3
pingfangushi/screw,3864,4.76,0,Java,https://github.com/pingfangushi/screw
Exrick/xboot,3863,6.93,6,Java,https://github.com/Exrick/xboot
sofastack/sofa-rpc,3862,6.97,61,Java,https://github.com/sofastack/sofa-rpc
bitcoin-wallet/bitcoin-wallet,3861,12.99,0,Java,https://github.com/bitcoin-wallet/bitcoin-wallet
PBH-BTN/PeerBanHelper,3859,1.13,116,Java,https://github.com/PBH-BTN/PeerBanHelper
promeG/TinyPinyin,3859,9.49,2,Java,https://github.com/promeG/TinyPinyin
vipulasri/Timeline-View,3854,9.28,15,Java,https://github.com/vipulasri/Timeline-View
VaughnVernon/IDDD_Samples,3846,11.97,0,Java,https://github.com/VaughnVernon/IDDD_Samples
tronprotocol/java-tron,3839,7.25,79,Java,https://github.com/tronprotocol/java-tron
aurelhubert/ahbottomnavigation,3835,9.03,14,Java,https://github.com/aurelhubert/ahbottomnavigation
MiguelCatalan/MaterialSearchView,3830,9.54,6,Java,https://github.com/MiguelCatalan/MaterialSearchView
wendux/DSBridge-Android,3827,8.23,2,Java,https://github.com/wendux/DSBridge-Android
RipMeApp/ripme,3825,8.22,132,Java,https://github.com/RipMeApp/ripme
uknownothingsnow/CircleProgress,3819,10.41,0,Java,https://github.com/uknownothingsnow/CircleProgress
shuzijun/leetcode-editor,3817,6.02,55,Java,https://github.com/shuzijun/leetcode-editor
JabRef/jabref,3814,11.05,44,Java,https://github.com/JabRef/jabref
lukas-krecan/ShedLock,3805,8.29,0,Java,https://github.com/lukas-krecan/ShedLock
syncthing/syncthing-android,3801,11.09,332,Java,https://github.com/syncthing/syncthing-android
LibrePDF/OpenPDF,3785,8.71,73,Java,https://github.com/LibrePDF/OpenPDF
sunfusheng/MarqueeView,3782,8.82,0,Java,https://github.com/sunfusheng/MarqueeView
yanzhenjie/AndServer,3773,8.79,1,Java,https://github.com/yanzhenjie/AndServer
lygttpod/SuperTextView,3773,8.44,39,Java,https://github.com/lygttpod/SuperTextView
mpusher/mpush,3770,8.91,9,Java,https://github.com/mpusher/mpush
lilishop/lilishop,3763,3.87,3,Java,https://github.com/lilishop/lilishop
ZHENFENG13/My-Blog,3760,6.06,0,Java,https://github.com/ZHENFENG13/My-Blog
roboguice/roboguice,3758,12.63,0,Java,https://github.com/roboguice/roboguice
andOTP/andOTP,3756,7.73,38,Java,https://github.com/andOTP/andOTP
Ereza/CustomActivityOnCrash,3751,10.73,12,Java,https://github.com/Ereza/CustomActivityOnCrash
react-native-share/react-native-share,3748,9.49,133,Java,https://github.com/react-native-share/react-native-share
timehop/sticky-headers-recyclerview,3745,10.48,0,Java,https://github.com/timehop/sticky-headers-recyclerview
CameraKit/blurkit-android,3745,8.39,3,Java,https://github.com/CameraKit/blurkit-android
mcxtzhang/SwipeDelMenuLayout,3744,8.59,2,Java,https://github.com/mcxtzhang/SwipeDelMenuLayout
googlesamples/mlkit,3739,4.83,1,Java,https://github.com/googlesamples/mlkit
willowtreeapps/spruce-android,3720,8.09,3,Java,https://github.com/willowtreeapps/spruce-android
kubernetes-client/java,3713,7.89,53,Java,https://github.com/kubernetes-client/java
MovingBlocks/Terasology,3713,14.07,70,Java,https://github.com/MovingBlocks/Terasology
uber/NullAway,3712,7.57,25,Java,https://github.com/uber/NullAway
Atmosphere/atmosphere,3709,14.75,0,Java,https://github.com/Atmosphere/atmosphere
yanzhenjie/NoHttp,3707,9.67,0,Java,https://github.com/yanzhenjie/NoHttp
stfalcon-studio/ChatKit,3707,8.15,1,Java,https://github.com/stfalcon-studio/ChatKit
ryanhoo/StylishMusicPlayer,3705,8.54,0,Java,https://github.com/ryanhoo/StylishMusicPlayer
ethanhua/Skeleton,3697,7.66,0,Java,https://github.com/ethanhua/Skeleton
ByteLegend/ByteLegend,3697,4.15,0,Java,https://github.com/ByteLegend/ByteLegend
liuyubobobo/Play-with-Algorithms,3686,8.73,0,Java,https://github.com/liuyubobobo/Play-with-Algorithms
apache/kylin,3685,10.23,1,Java,https://github.com/apache/kylin
yangfuhai/ASimpleCache,3684,11.67,0,Java,https://github.com/yangfuhai/ASimpleCache
torakiki/pdfsam,3684,11.51,64,Java,https://github.com/torakiki/pdfsam
zhpanvip/BannerViewPager,3683,8.00,57,Java,https://github.com/zhpanvip/BannerViewPager
google/bundletool,3672,6.90,63,Java,https://github.com/google/bundletool
watabou/pixel-dungeon,3670,10.67,0,Java,https://github.com/watabou/pixel-dungeon
google/rejoiner,3668,7.30,3,Java,https://github.com/google/rejoiner
shopizer-ecommerce/shopizer,3667,12.35,18,Java,https://github.com/shopizer-ecommerce/shopizer
lisawray/groupie,3666,8.57,28,Java,https://github.com/lisawray/groupie
sofastack/sofa-jraft,3665,6.06,31,Java,https://github.com/sofastack/sofa-jraft
linkedin/databus,3659,12.28,0,Java,https://github.com/linkedin/databus
KunMinX/Linkage-RecyclerView,3654,5.93,0,Java,https://github.com/KunMinX/Linkage-RecyclerView
litesuits/android-common,3647,10.83,0,Java,https://github.com/litesuits/android-common
JFormDesigner/FlatLaf,3642,5.60,85,Java,https://github.com/JFormDesigner/FlatLaf
RoaringBitmap/RoaringBitmap,3639,11.78,34,Java,https://github.com/RoaringBitmap/RoaringBitmap
JCTools/JCTools,3636,11.38,18,Java,https://github.com/JCTools/JCTools
networknt/light-4j,3636,8.55,190,Java,https://github.com/networknt/light-4j
PlexPt/chatgpt-java,3634,2.30,24,Java,https://github.com/PlexPt/chatgpt-java
undertow-io/undertow,3630,12.69,9,Java,https://github.com/undertow-io/undertow
apache/incubator-heron,3629,9.51,56,Java,https://github.com/apache/incubator-heron
dingjikerbo/Android-BluetoothKit,3628,9.47,0,Java,https://github.com/dingjikerbo/Android-BluetoothKit
Dimezis/BlurView,3626,8.93,29,Java,https://github.com/Dimezis/BlurView
jtablesaw/tablesaw,3610,9.24,79,Java,https://github.com/jtablesaw/tablesaw
rockerhieu/emojicon,3610,11.19,2,Java,https://github.com/rockerhieu/emojicon
helidon-io/helidon,3604,6.58,119,Java,https://github.com/helidon-io/helidon
spotbugs/spotbugs,3602,8.39,68,Java,https://github.com/spotbugs/spotbugs
fesh0r/fernflower,3600,10.48,0,Java,https://github.com/fesh0r/fernflower
iterate-ch/cyberduck,3599,8.18,0,Java,https://github.com/iterate-ch/cyberduck
alibaba/Alink,3597,6.49,22,Java,https://github.com/alibaba/Alink
tyrantgit/ExplosionField,3596,9.51,0,Java,https://github.com/tyrantgit/ExplosionField
grpc-ecosystem/grpc-spring,3594,8.24,34,Java,https://github.com/grpc-ecosystem/grpc-spring
dongjunkun/DropDownMenu,3591,9.76,2,Java,https://github.com/dongjunkun/DropDownMenu
huburt-Hu/NewbieGuide,3588,7.67,20,Java,https://github.com/huburt-Hu/NewbieGuide
kikoso/android-stackblur,3582,11.62,0,Java,https://github.com/kikoso/android-stackblur
coderbruis/JavaSourceCodeLearning,3579,4.81,0,Java,https://github.com/coderbruis/JavaSourceCodeLearning
dtinit/data-transfer-project,3577,7.23,61,Java,https://github.com/dtinit/data-transfer-project
spockframework/spock,3576,14.29,25,Java,https://github.com/spockframework/spock
lihangleo2/ShadowLayout,3570,5.72,28,Java,https://github.com/lihangleo2/ShadowLayout
googlemaps/android-maps-utils,3568,11.87,47,Java,https://github.com/googlemaps/android-maps-utils
davideas/FlexibleAdapter,3567,9.90,30,Java,https://github.com/davideas/FlexibleAdapter
JakeWharton/ThreeTenABP,3566,9.74,0,Java,https://github.com/JakeWharton/ThreeTenABP
FasterXML/jackson-databind,3564,13.27,0,Java,https://github.com/FasterXML/jackson-databind
WVector/AppUpdate,3562,7.77,3,Java,https://github.com/WVector/AppUpdate
vert-x3/vertx-examples,3561,10.09,0,Java,https://github.com/vert-x3/vertx-examples
code4craft/netty-learning,3554,11.52,0,Java,https://github.com/code4craft/netty-learning
karma9874/AndroRAT,3552,5.01,0,Java,https://github.com/karma9874/AndroRAT
dropbox/hackpad,3551,9.62,0,Java,https://github.com/dropbox/hackpad
bilibili/MagicaSakura,3550,8.76,3,Java,https://github.com/bilibili/MagicaSakura
johncarl81/parceler,3549,11.74,0,Java,https://github.com/johncarl81/parceler
hmkcode/Android,3546,11.57,0,Java,https://github.com/hmkcode/Android
arimorty/floatingsearchview,3540,9.35,0,Java,https://github.com/arimorty/floatingsearchview
Querz/mcaselector,3540,6.93,70,Java,https://github.com/Querz/mcaselector
luontola/retrolambda,3539,11.69,0,Java,https://github.com/luontola/retrolambda
rbmonster/learning-note,3537,4.78,0,Java,https://github.com/rbmonster/learning-note
camunda/camunda,3530,9.02,365,Java,https://github.com/camunda/camunda
microservices-patterns/ftgo-application,3528,7.43,0,Java,https://github.com/microservices-patterns/ftgo-application
nytimes/Store,3522,8.32,0,Java,https://github.com/nytimes/Store
spring-io/initializr,3522,11.81,16,Java,https://github.com/spring-io/initializr
lsjwzh/RecyclerViewPager,3520,10.19,10,Java,https://github.com/lsjwzh/RecyclerViewPager
Mojang/brigadier,3517,10.53,3,Java,https://github.com/Mojang/brigadier
andremion/Music-Player,3517,8.89,2,Java,https://github.com/andremion/Music-Player
yacy/yacy_search_server,3514,10.02,0,Java,https://github.com/yacy/yacy_search_server
M66B/FairEmail,3510,6.65,1000,Java,https://github.com/M66B/FairEmail
tchiotludo/akhq,3507,6.55,41,Java,https://github.com/tchiotludo/akhq
baoyongzhang/SwipeMenuListView,3507,10.59,2,Java,https://github.com/baoyongzhang/SwipeMenuListView
codeestX/GeekNews,3503,8.64,0,Java,https://github.com/codeestX/GeekNews
jishenghua/jshERP,3501,8.52,6,Java,https://github.com/jishenghua/jshERP
fyhertz/libstreaming,3500,12.16,0,Java,https://github.com/fyhertz/libstreaming
anggrayudi/android-hidden-api,3492,9.53,2,Java,https://github.com/anggrayudi/android-hidden-api
KingJA/LoadSir,3492,7.57,6,Java,https://github.com/KingJA/LoadSir
spring-cloud/spring-cloud-kubernetes,3487,8.29,25,Java,https://github.com/spring-cloud/spring-cloud-kubernetes
fabric8io/kubernetes-client,3484,9.72,119,Java,https://github.com/fabric8io/kubernetes-client
dariuszseweryn/RxAndroidBle,3483,9.14,59,Java,https://github.com/dariuszseweryn/RxAndroidBle
lenve/JavaEETest,3481,8.29,0,Java,https://github.com/lenve/JavaEETest
javahuang/SurveyKing,3478,3.55,3,Java,https://github.com/javahuang/SurveyKing
ittianyu/BottomNavigationViewEx,3475,8.37,19,Java,https://github.com/ittianyu/BottomNavigationViewEx
mbechler/marshalsec,3475,7.85,0,Java,https://github.com/mbechler/marshalsec
gh0stkey/HaE,3474,5.01,73,Java,https://github.com/gh0stkey/HaE
immutables/immutables,3472,11.72,11,Java,https://github.com/immutables/immutables
rubensousa/PreviewSeekBar,3468,8.17,10,Java,https://github.com/rubensousa/PreviewSeekBar
ferredoxin/QNotified,3445,6.01,28,Java,https://github.com/ferredoxin/QNotified
crossoverJie/SSM,3443,8.77,10,Java,https://github.com/crossoverJie/SSM
apache/logging-log4j2,3443,11.79,13,Java,https://github.com/apache/logging-log4j2
IrisShaders/Iris,3441,4.43,140,Java,https://github.com/IrisShaders/Iris
phodal/migration,3441,5.22,0,Java,https://github.com/phodal/migration
alamkanak/Android-Week-View,3437,10.53,4,Java,https://github.com/alamkanak/Android-Week-View
xcc3641/SeeWeather,3434,9.10,2,Java,https://github.com/xcc3641/SeeWeather
guolindev/giffun,3434,6.16,0,Java,https://github.com/guolindev/giffun
sherxon/AlgoDS,3433,8.28,0,Java,https://github.com/sherxon/AlgoDS
LinShunKang/MyPerf4J,3429,7.05,23,Java,https://github.com/LinShunKang/MyPerf4J
OpenHFT/Chronicle-Queue,3426,11.82,520,Java,https://github.com/OpenHFT/Chronicle-Queue
Grt1228/chatgpt-java,3423,2.12,10,Java,https://github.com/Grt1228/chatgpt-java
cSploit/android,3422,10.48,33,Java,https://github.com/cSploit/android
Netflix/maestro,3422,0.94,0,Java,https://github.com/Netflix/maestro
openhab/openhab1-addons,3417,11.52,14,Java,https://github.com/openhab/openhab1-addons
AsamK/signal-cli,3416,9.88,97,Java,https://github.com/AsamK/signal-cli
GitLqr/LQRWeChat,3409,8.13,0,Java,https://github.com/GitLqr/LQRWeChat
woxingxiao/BubbleSeekBar,3402,8.40,12,Java,https://github.com/woxingxiao/BubbleSeekBar
AxonFramework/AxonFramework,3399,13.32,128,Java,https://github.com/AxonFramework/AxonFramework
yigit/android-priority-jobqueue,3394,10.77,0,Java,https://github.com/yigit/android-priority-jobqueue
springdoc/springdoc-openapi,3391,5.71,88,Java,https://github.com/springdoc/springdoc-openapi
google/volley,3388,8.17,9,Java,https://github.com/google/volley
Red5/red5-server,3386,11.36,103,Java,https://github.com/Red5/red5-server
blossom-editor/blossom,3384,1.64,17,Java,https://github.com/blossom-editor/blossom
eclipse-openj9/openj9,3379,7.59,50,Java,https://github.com/eclipse-openj9/openj9
kevinsawicki/http-request,3375,13.44,0,Java,https://github.com/kevinsawicki/http-request
avast/android-butterknife-zelezny,3372,11.26,8,Java,https://github.com/avast/android-butterknife-zelezny
uber/AutoDispose,3371,8.26,4,Java,https://github.com/uber/AutoDispose
abel533/MyBatis-Spring-Boot,3368,9.27,0,Java,https://github.com/abel533/MyBatis-Spring-Boot
apache/incubator-kie-optaplanner,3363,14.12,5,Java,https://github.com/apache/incubator-kie-optaplanner
HelloWorld521/Java,3362,8.30,0,Java,https://github.com/HelloWorld521/Java
DataLinkDC/dinky,3358,3.80,29,Java,https://github.com/DataLinkDC/dinky
WinterChenS/my-site,3356,6.90,0,Java,https://github.com/WinterChenS/my-site
TNG/ArchUnit,3353,7.93,41,Java,https://github.com/TNG/ArchUnit
apache/linkis,3350,5.68,32,Java,https://github.com/apache/linkis
rom1v/sndcpy,3349,4.80,2,Java,https://github.com/rom1v/sndcpy
cropsly/ffmpeg-android-java,3338,10.54,8,Java,https://github.com/cropsly/ffmpeg-android-java
luojilab/DDComponentForAndroid,3332,7.55,4,Java,https://github.com/luojilab/DDComponentForAndroid
aragozin/jvm-tools,3326,12.92,0,Java,https://github.com/aragozin/jvm-tools
getActivity/Toaster,3326,6.53,33,Java,https://github.com/getActivity/Toaster
uncle-novel/uncle-novel,3321,6.29,1,Java,https://github.com/uncle-novel/uncle-novel
iammert/ScalingLayout,3321,7.49,4,Java,https://github.com/iammert/ScalingLayout
ivacf/archi,3320,9.54,0,Java,https://github.com/ivacf/archi
Netflix/concurrency-limits,3317,7.29,102,Java,https://github.com/Netflix/concurrency-limits
Creators-of-Create/Create,3315,5.69,0,Java,https://github.com/Creators-of-Create/Create
ReChronoRain/HyperCeiler,3313,1.41,6,Java,https://github.com/ReChronoRain/HyperCeiler
amitshekhariitbhu/PRDownloader,3309,7.37,8,Java,https://github.com/amitshekhariitbhu/PRDownloader
chenBingX/SuperTextView,3308,7.94,33,Java,https://github.com/chenBingX/SuperTextView
trojan-gfw/igniter,3302,6.38,33,Java,https://github.com/trojan-gfw/igniter
